numero_zona,sigla_uf,nome_municipio,bairro,Latitude,Longitude,origem,secoes,secoes_com_coordenada
1,AC,RIO BRANCO,PORTAL DA AMAZONIA,-9.972165,-67.805715,locais de votação,561,561
2,AC,XAPURI,AEROPORTO,-10.650407,-68.494304,locais de votação,107,107
3,AC,SENA MADUREIRA,CENTRO,-9.068836,-68.662071,locais de votação,155,152
4,AC,CRUZEIRO DO SUL,AEROPORTO VELHO,-7.633358,-72.68108,locais de votação,411,411
5,AC,TARAUACÁ,CENTRO,-8.159635,-70.769417,locais de votação,136,136
6,AC,BRASILÉIA,CENTRO,-11.007302,-68.749898,locais de votação,149,147
7,AC,FEIJÓ,CIDADE NOVA,-8.167036,-70.350396,locais de votação,91,91
8,AC,SENADOR GUIOMARD,CENTRO,-10.151775,-67.29426,locais de votação,208,208
9,AC,RIO BRANCO,PORTAL DA AMAZONIA,-9.968314,-67.834454,locais de votação,462,462
1,AL,MACEIÓ,FAROL,-9.630574,-35.731265,locais de votação,340,338
2,AL,MACEIÓ,FAROL,-9.647531,-35.712876,locais de votação,413,413
3,AL,MACEIÓ,FAROL,-9.658481,-35.756921,locais de votação,379,379
5,AL,VIÇOSA,CENTRO,-9.392023,-36.240376,locais de votação,117,117
6,AL,ATALAIA,JOSE PAULINO,-9.503531,-36.028082,locais de votação,146,143
7,AL,CORURIPE,COMENDADOR TERCIO WANDERLEY,-10.130198,-36.18039,locais de votação,127,127
8,AL,PILAR,CENTRO,-9.595329,-35.952728,locais de votação,145,145
9,AL,MURICI,CENTRO,-9.313857,-35.941077,locais de votação,124,124
10,AL,PALMEIRA DOS ÍNDIOS,CENTRO,-9.411736,-36.629478,locais de votação,166,166
11,AL,PÃO DE AÇÚCAR,CENTRO,-9.671672,-37.332806,locais de votação,123,123
12,AL,PASSO DE CAMARAGIBE,CENTRO,-9.162354,-35.489028,locais de votação,131,131
13,AL,PENEDO,SANTA LUZIA,-10.283805,-36.559016,locais de votação,180,180
14,AL,PORTO CALVO,CENTRO,-9.046346,-35.392304,locais de votação,184,184
15,AL,RIO LARGO,TABULEIRO DO PINTO,-9.486924,-35.834022,locais de votação,193,193
16,AL,SÃO JOSÉ DA LAJE,CENTRO,-8.973378,-35.929337,locais de votação,131,131
17,AL,SÃO LUÍS DO QUITUNDE,CENTRO,-9.403783,-35.558974,locais de votação,135,135
18,AL,SÃO MIGUEL DOS CAMPOS,CENTRO,-9.792263,-36.098952,locais de votação,174,174
19,AL,SANTANA DO IPANEMA,MONUMENTO,-9.372239,-37.243699,locais de votação,156,156
20,AL,TRAIPU,CENTRO,-9.964529,-36.999486,locais de votação,95,95
21,AL,UNIÃO DOS PALMARES,CENTRO,-9.159238,-36.031518,locais de votação,169,169
22,AL,ARAPIRACA,NOVO HORIZONTE,-9.74467,-36.663816,locais de votação,255,255
26,AL,MARECHAL DEODORO,CENTRO,-9.735516,-35.893065,locais de votação,138,138
27,AL,MATA GRANDE,CENTRO,-9.117395,-37.724355,locais de votação,96,96
28,AL,QUEBRANGULO,CENTRO,-9.318847,-36.471076,locais de votação,92,92
29,AL,BATALHA,CENTRO,-9.671245,-37.205282,locais de votação,84,84
31,AL,MAJOR ISIDORO,CENTRO,-9.611711,-36.795993,locais de votação,95,95
33,AL,MACEIÓ,FAROL,-9.576706,-35.770794,locais de votação,244,244
34,AL,TEOTÔNIO VILELA,CENTRO,-9.907786,-36.363595,locais de votação,166,166
37,AL,PORTO REAL DO COLÉGIO,CENTRO,-10.131011,-36.748918,locais de votação,134,134
39,AL,ÁGUA BRANCA,CENTRO,-9.256266,-37.934963,locais de votação,108,108
40,AL,DELMIRO GOUVEIA,CENTRO,-9.388802,-37.991716,locais de votação,221,221
44,AL,GIRAU DO PONCIANO,PROGRESSO,-9.825563,-36.795103,locais de votação,129,128
45,AL,IGACI,CENTRO,-9.63356,-36.579079,locais de votação,148,148
46,AL,CACIMBINHAS,CENTRO,-9.38993,-36.982423,locais de votação,110,110
47,AL,CAMPO ALEGRE,CENTRO,-9.783168,-36.353602,locais de votação,134,134
48,AL,BOCA DA MATA,CENTRO,-9.644103,-36.302982,locais de votação,152,152
49,AL,SÃO SEBASTIÃO,CENTRO,-9.929996,-36.561093,locais de votação,120,120
50,AL,MARAVILHA,CENTRO,-9.2326,-37.351488,locais de votação,82,82
51,AL,SÃO JOSÉ DA TAPERA,CENTRO,-9.560826,-37.382717,locais de votação,86,86
53,AL,JOAQUIM GOMES,CENTRO,-9.13526,-35.723073,locais de votação,126,126
54,AL,MACEIÓ,FAROL,-9.551298,-35.746835,locais de votação,288,288
55,AL,ARAPIRACA,NOVO HORIZONTE,-9.758039,-36.654526,locais de votação,184,184
1,AM,MANAUS,ALEIXO,-3.120624,-60.015249,locais de votação,321,321
2,AM,MANAUS,ALEIXO,-3.082072,-60.015047,locais de votação,259,259
3,AM,ITACOATIARA,SÃO FRANCISCO,-3.139722,-58.440553,locais de votação,295,295
4,AM,PARINTINS,CENTRO,-2.634367,-56.737466,locais de votação,245,245
5,AM,MAUÉS,CENTRO,-3.393679,-57.717302,locais de votação,151,151
6,AM,MANACAPURU,CENTRO,-3.29625,-60.628259,locais de votação,270,270
7,AM,CODAJÁS,CENTRO,-3.837849,-62.061461,locais de votação,50,50
8,AM,COARI,ITAMARATI,-4.089999,-63.141679,locais de votação,182,182
9,AM,TEFÉ,CENTRO,-3.351351,-64.710362,locais de votação,138,138
10,AM,FONTE BOA,SÃO FRANCISCO II,-2.514447,-66.094904,locais de votação,53,53
11,AM,EIRUNEPÉ,NOSSA SRA DE FATIMA,-6.662587,-69.867344,locais de votação,68,68
12,AM,LÁBREA,CENTRO,-7.263107,-64.797223,locais de votação,95,93
13,AM,CANUTAMA,CENTRO,-6.532094,-64.38708,locais de votação,33,33
14,AM,BOCA DO ACRE,PLATÔ DO PIQUIÁ,-8.755092,-67.394149,locais de votação,73,73
15,AM,BORBA,CENTRO,-4.391259,-59.592626,locais de votação,75,75
16,AM,MANICORÉ,CENTRO,-5.814853,-61.300351,locais de votação,109,109
17,AM,HUMAITÁ,CENTRO,-7.512762,-63.027854,locais de votação,106,106
18,AM,BARCELOS,CENTRO,-0.972247,-62.926288,locais de votação,31,31
19,AM,SÃO GABRIEL DA CACHOEIRA,CENTRO,-0.120431,-67.09142,locais de votação,104,104
20,AM,BENJAMIN CONSTANT,CENTRO,-4.37858,-70.02485,locais de votação,75,75
21,AM,CARAUARI,NOVA REPUBLICA,-4.87555,-66.8964,locais de votação,74,74
22,AM,SÃO PAULO DE OLIVENÇA,CENTRO,-3.467722,-68.95124,locais de votação,83,83
23,AM,CAREIRO,CENTRO,-3.452804,-60.357539,locais de votação,135,135
24,AM,ITAPIRANGA,CIDADE BAIXA,-2.765412,-58.19575,locais de votação,56,56
26,AM,BARREIRINHA,CENTRO,-2.805842,-57.070399,locais de votação,62,62
27,AM,URUCARÁ,APARECIDA,-2.536141,-57.757381,locais de votação,56,56
29,AM,NOVO ARIPUANÃ,CENTRO,-5.12383,-60.376732,locais de votação,44,44
30,AM,SANTA ISABEL DO RIO NEGRO,SÃO JUDAS TADEU,-0.417234,-65.016486,locais de votação,27,27
31,AM,MANAUS,ALEIXO,-3.137989,-59.992973,locais de votação,300,300
32,AM,MANAUS,ALEIXO,-3.108448,-60.050103,locais de votação,333,333
33,AM,ANORI,CENTRO,-3.74858,-61.65965,locais de votação,31,31
34,AM,NOVO AIRÃO,CENTRO,-2.626872,-60.944291,locais de votação,36,36
35,AM,AUTAZES,SANTA LUZIA,-3.60126,-59.124873,locais de votação,165,165
36,AM,TABATINGA,RUI BARBOSA,-4.230358,-69.936146,locais de votação,102,102
37,AM,MANAUS,ALEIXO,-3.113248,-59.991109,locais de votação,259,259
38,AM,TAPAUÁ,CENTRO,-5.627968,-63.188314,locais de votação,41,41
40,AM,MANAUS,ALEIXO,-3.07932,-60.051435,locais de votação,313,313
41,AM,JUTAÍ,SANTO ANTONIO,-2.746897,-66.77128,locais de votação,39,39
42,AM,ATALAIA DO NORTE,CENTRO,-4.368494,-70.190581,locais de votação,37,37
43,AM,NHAMUNDÁ,SANTO ANTÔNIO,-2.196216,-56.712185,locais de votação,46,46
44,AM,PAUINI,PANTANAL,-7.7148,-67.00156,locais de votação,32,32
45,AM,GUAJARÁ,CENTRO,-7.296569,-71.94138,locais de votação,74,74
46,AM,ENVIRA,RODOVIARIO,-7.435956,-70.02331,locais de votação,35,35
47,AM,SANTO ANTÔNIO DO IÇÁ,SAO FRANCISCO,-3.074639,-67.944971,locais de votação,81,81
48,AM,JAPURÁ,CENTRO,-1.88335,-66.99994,locais de votação,15,15
49,AM,MARAÃ,CENTRO,-1.859788,-65.590438,locais de votação,30,30
50,AM,JURUÁ,CENTRO,-3.47125,-66.06213,locais de votação,45,45
51,AM,PRESIDENTE FIGUEIREDO,MORADA DO SOL,-2.049492,-60.02168,locais de votação,99,99
54,AM,BERURI,SAO FRANCISCO,-3.89953,-61.373034,locais de votação,38,38
56,AM,IRANDUBA,CENTRO,-3.264305,-60.185397,locais de votação,165,165
58,AM,MANAUS,ALEIXO,-3.033137,-59.981995,locais de votação,300,300
59,AM,MANAUS,ALEIXO,-3.088587,-59.946459,locais de votação,282,282
60,AM,ALVARÃES,SÃO FRANCISCO,-3.213548,-64.81795,locais de votação,63,63
62,AM,MANAUS,ALEIXO,-3.00339,-60.033045,locais de votação,353,353
63,AM,MANAUS,ALEIXO,-3.064045,-59.944393,locais de votação,339,339
65,AM,MANAUS,ALEIXO,-3.010871,-59.995419,locais de votação,333,333
67,AM,APUÍ,CENTRO,-7.20033,-59.884421,locais de votação,45,45
68,AM,MANAUS,ALEIXO,-3.029596,-59.926791,locais de votação,317,317
69,AM,ITAMARATI,CENTRO,-6.439149,-68.2444,locais de votação,28,28
70,AM,MANAUS,ALEIXO,-3.037648,-59.95489,locais de votação,296,296
1,AP,AMAPÁ,CENTRO,2.053304,-50.930022,locais de votação,68,61
2,AP,MACAPÁ,CENTRO,0.023435,-51.075015,locais de votação,608,565
4,AP,OIAPOQUE,CENTRO,3.844016,-51.832367,locais de votação,84,73
5,AP,MAZAGÃO,UNIAO,-0.116081,-51.286768,locais de votação,74,60
6,AP,SANTANA,VILA AMAZONAS,-0.043952,-51.167565,locais de votação,262,233
7,AP,LARANJAL DO JARI,AGRESTE,-0.844381,-52.515978,locais de votação,154,150
8,AP,TARTARUGALZINHO,CENTRO,1.506896,-50.912645,locais de votação,45,33
10,AP,MACAPÁ,INFRAERO II,0.072967,-51.054566,locais de votação,433,385
11,AP,PEDRA BRANCA DO AMAPARI,CENTRO,0.77712,-51.953267,locais de votação,38,9
12,AP,PORTO GRANDE,MALVINAS,0.706972,-51.403817,locais de votação,71,59
1,BA,SALVADOR,CENTRO ADMINISTRATIVO DA BAHIA,-12.993934,-38.520129,locais de votação,223,223
2,BA,SALVADOR,CENTRO ADMINISTRATIVO DA BAHIA,-13.002622,-38.502651,locais de votação,256,256
3,BA,SALVADOR,CENTRO ADMINISTRATIVO DA BAHIA,-12.951943,-38.481918,locais de votação,276,276
4,BA,SALVADOR,CENTRO ADMINISTRATIVO DA BAHIA,-12.873511,-38.514722,centroide dos municípios,314,0
5,BA,SALVADOR,CENTRO ADMINISTRATIVO DA BAHIA,-12.950667,-38.460209,locais de votação,248,248
6,BA,SALVADOR,CENTRO ADMINISTRATIVO DA BAHIA,-12.873511,-38.514722,centroide dos municípios,241,0
7,BA,SALVADOR,CENTRO ADMINISTRATIVO DA BAHIA,-12.97683,-38.491998,locais de votação,245,245
8,BA,SALVADOR,CENTRO ADMINISTRATIVO DA BAHIA,-12.873511,-38.514722,centroide dos municípios,277,0
9,BA,SALVADOR,CENTRO ADMINISTRATIVO DA BAHIA,-12.926816,-38.498995,locais de votação,257,257
10,BA,SALVADOR,CENTRO ADMINISTRATIVO DA BAHIA,-12.873511,-38.514722,centroide dos municípios,322,0
11,BA,SALVADOR,CENTRO ADMINISTRATIVO DA BAHIA,-12.907677,-38.44167,locais de votação,286,286
12,BA,SALVADOR,CENTRO ADMINISTRATIVO DA BAHIA,-12.873511,-38.514722,centroide dos municípios,279,0
13,BA,SALVADOR,CENTRO ADMINISTRATIVO DA BAHIA,-13.000365,-38.464947,locais de votação,270,270
14,BA,SALVADOR,CENTRO ADMINISTRATIVO DA BAHIA,-12.937247,-38.442106,locais de votação,280,270
15,BA,SALVADOR,CENTRO ADMINISTRATIVO DA BAHIA,-12.930352,-38.47803,locais de votação,254,254
16,BA,SALVADOR,CENTRO ADMINISTRATIVO DA BAHIA,-12.965079,-38.454938,locais de votação,265,265
17,BA,SALVADOR,CENTRO ADMINISTRATIVO DA BAHIA,-12.886603,-38.474802,locais de votação,278,207
18,BA,SALVADOR,CENTRO ADMINISTRATIVO DA BAHIA,-12.94976,-38.495961,locais de votação,263,263
19,BA,SALVADOR,CENTRO ADMINISTRATIVO DA BAHIA,-12.904729,-38.406517,locais de votação,306,306
21,BA,ESPLANADA,CENTRO,-11.827701,-37.885423,centroide dos municípios,186,0
22,BA,JEQUIÉ,CENTRO,-13.871495,-40.074557,locais de votação,269,256
23,BA,JEQUIÉ,JEQUIEZINHO,-13.855658,-40.092674,locais de votação,193,193
24,BA,IPIAÚ,CENTRO,-14.122871,-39.735964,locais de votação,235,235
25,BA,ILHÉUS,ESPERANCA,-14.784885,-39.053052,locais de votação,220,214
26,BA,ILHÉUS,ESPERANCA,-14.752767,-39.19195,centroide dos municípios,231,0
27,BA,ITABUNA,GÓES CALMON,-14.809279,-39.281525,locais de votação,267,267
28,BA,ITABUNA,GÓES CALMON,-14.787113,-39.274822,locais de votação,235,194
29,BA,IBICARAÍ,CENTRO,-14.84877,-39.56845,centroide dos municípios,141,0
30,BA,NAZARÉ,CENTRO,-12.953676,-38.980872,centroide dos municípios,196,0
31,BA,VALENÇA,NOVO HORIZONTE,-13.372898,-39.070876,locais de votação,231,223
32,BA,ITUBERÁ,CENTRO,-13.727712,-39.143397,locais de votação,193,191
33,BA,SIMÕES FILHO,CENTRO,-12.767663,-38.400691,centroide dos municípios,248,0
34,BA,BELMONTE,CENTRO,-15.86656,-38.882002,locais de votação,58,58
35,BA,MUCURI,MALVINAS,-17.902896,-39.853838,locais de votação,207,207
36,BA,AMARGOSA,CENTRO,-13.033941,-39.604267,locais de votação,184,184
37,BA,MARACÁS,CENTRO,-13.443575,-40.428313,locais de votação,174,122
38,BA,UBAÍRA,CENTRO,-13.275925,-39.679334,centroide dos municípios,114,0
39,BA,VITÓRIA DA CONQUISTA,CANDEIAS,-14.852642,-40.857585,locais de votação,278,278
40,BA,VITÓRIA DA CONQUISTA,CANDEIAS,-15.032876,-40.965274,locais de votação,267,267
41,BA,VITÓRIA DA CONQUISTA,CANDEIAS,-14.857768,-40.835141,locais de votação,308,303
42,BA,ITABERABA,BARRO VERMELHO,-12.530626,-40.308695,locais de votação,224,224
43,BA,CASTRO ALVES,CENTRO,-12.656069,-39.42925,locais de votação,155,146
44,BA,INHAMBUPE,CENTRO,-11.787741,-38.352563,locais de votação,187,132
45,BA,SENHOR DO BONFIM,CENTRO,-10.484161,-40.115246,centroide dos municípios,239,0
46,BA,JACOBINA,CENTRO,-11.135102,-40.568581,centroide dos municípios,250,0
47,BA,JUAZEIRO,JOÃO XXIII,-9.431388,-40.494493,locais de votação,247,246
48,BA,JUAZEIRO,JOÃO XXIII,-9.433802,-40.503156,locais de votação,258,258
49,BA,RIO REAL,CENTRO,-11.490442,-37.930347,locais de votação,121,121
50,BA,MONTE SANTO,CENTRO,-10.383022,-39.454171,centroide dos municípios,270,0
51,BA,JEREMOABO,CENTRO,-10.077788,-38.274406,locais de votação,191,191
52,BA,PARIPIRANGA,CENTRO,-10.637863,-37.9253,locais de votação,178,178
53,BA,CAMPO FORMOSO,CENTRO CULTURAL,-10.251103,-40.72882,centroide dos municípios,242,0
54,BA,MUNDO NOVO,CENTRO,-11.847098,-40.558069,locais de votação,149,149
55,BA,MORRO DO CHAPÉU,CENTRO,-11.557128,-41.16438,locais de votação,237,225
56,BA,SANTO ANTÔNIO DE JESUS,QUITANDINHA,-12.971942,-39.268946,locais de votação,149,149
58,BA,ITUAÇU,CENTRO,-14.145937,-41.195405,centroide dos municípios,156,0
59,BA,POÇÕES,CENTRO,-14.511992,-40.369675,locais de votação,242,242
60,BA,CONDEÚBA,CENTRO,-14.900338,-41.931947,locais de votação,128,128
61,BA,CORIBE,CENTRO,-14.03148,-45.218633,centroide dos municípios,134,0
62,BA,IPIRÁ,CENTRO,-12.2112,-39.777044,centroide dos municípios,207,0
63,BA,CAETITÉ,CENTRO,-13.947774,-42.476612,centroide dos municípios,202,0
64,BA,GUANAMBI,AEROPORTO VELHO,-14.224538,-42.783565,locais de votação,234,232
65,BA,MACAÚBAS,ALTO DO ALEXANDRINO,-12.945983,-42.683595,locais de votação,282,279
66,BA,CASA NOVA,CENTRO,-9.239987,-41.336114,centroide dos municípios,258,0
67,BA,REMANSO,CENTRO,-9.616773,-42.422644,locais de votação,192,192
68,BA,XIQUE-XIQUE,CENTRO,-10.983507,-42.779633,centroide dos municípios,226,0
69,BA,UTINGA,CENTRO,-12.075633,-41.166504,locais de votação,114,114
70,BA,BARREIRAS,MORADA DA LUA,-12.145349,-44.988974,locais de votação,167,167
71,BA,BOM JESUS DA LAPA,SÃO JOÃO,-13.256491,-43.418206,locais de votação,294,289
72,BA,SANTA MARIA DA VITÓRIA,CENTRO,-13.391028,-44.196236,locais de votação,169,164
73,BA,UBAITABA,CENTRO,-14.313071,-39.324022,locais de votação,105,105
74,BA,IRARÁ,CENTRO,-12.025009,-38.766415,locais de votação,215,205
75,BA,BARREIRAS,MORADA DA LUA,-12.128705,-45.006256,locais de votação,154,153
76,BA,JAGUAQUARA,CENTRO,-13.527781,-39.969291,locais de votação,153,141
77,BA,BARRA,CENTRO,-10.870634,-43.156641,locais de votação,203,203
78,BA,CAMAMU,CIDADE ALTA,-14.012539,-39.164133,centroide dos municípios,144,0
79,BA,NOVA SOURE,CENTRO,-11.107773,-38.523093,centroide dos municípios,169,0
80,BA,TUCANO,CENTRO,-11.010315,-38.789198,locais de votação,140,132
81,BA,OLINDINA,CENTRO,-11.359954,-38.217712,locais de votação,195,184
82,BA,CÍCERO DANTAS,CENTRO,-10.506987,-38.454169,centroide dos municípios,197,0
83,BA,UAUÁ,CENTRO,-9.893172,-39.481073,locais de votação,124,124
84,BA,PAULO AFONSO,CENTRO,-9.434792,-38.243705,locais de votação,184,184
85,BA,CURAÇÁ,CENTRO,-9.222163,-39.651544,centroide dos municípios,94,0
86,BA,MAIRI,LAPINHA,-11.713553,-40.152538,locais de votação,163,163
87,BA,RUY BARBOSA,CENTRO,-12.281957,-40.49331,locais de votação,133,90
88,BA,SEABRA,SANTA LUZIA,-12.485806,-41.85392,locais de votação,208,207
89,BA,LENÇÓIS,CENTRO,-12.248337,-41.583065,centroide dos municípios,109,0
90,BA,BRUMADO,NOBRE,-14.167909,-41.689036,centroide dos municípios,258,0
91,BA,MACARANI,INARACAM,-15.570634,-40.419797,locais de votação,80,80
92,BA,JACARACI,CENTRO,-14.917371,-42.370823,locais de votação,72,72
93,BA,CACULÉ,CENTRO,-14.447049,-42.218695,locais de votação,162,162
94,BA,OLIVEIRA DOS BREJINHOS,CENTRO,-12.214617,-42.758613,locais de votação,150,101
95,BA,IRECÊ,NOVO HORIZONTE,-11.302553,-41.863972,locais de votação,279,279
96,BA,SENTO SÉ,CENTRO,-9.744652,-41.880401,locais de votação,114,74
97,BA,SANTA RITA DE CÁSSIA,CENTRO,-10.887106,-44.515558,locais de votação,139,138
98,BA,COTEGIPE,CENTRO,-11.808791,-43.906774,centroide dos municípios,116,0
99,BA,SANTANA,CENTRO,-12.984244,-44.055116,locais de votação,106,106
100,BA,SÃO DESIDÉRIO,TANGARA,-12.430109,-44.975483,locais de votação,114,114
101,BA,LIVRAMENTO DE NOSSA SENHORA,CENTRO,-13.65849,-41.841142,locais de votação,245,245
102,BA,EUCLIDES DA CUNHA,CENTRO,-10.464152,-38.915019,centroide dos municípios,242,0
103,BA,MIGUEL CALMON,CENTRO,-11.432064,-40.598021,locais de votação,105,79
104,BA,LAPÃO,CENTRO,-11.485633,-41.835959,locais de votação,162,162
105,BA,PIATÃ,CENTRO,-13.046025,-41.802479,centroide dos municípios,154,0
106,BA,QUEIMADAS,CENTRO,-10.966435,-39.624659,locais de votação,103,103
107,BA,SANTA TEREZINHA,CENTRO,-12.719241,-39.59766,locais de votação,102,102
108,BA,SÃO GONÇALO DOS CAMPOS,CENTRO,-12.439049,-38.955718,locais de votação,145,145
109,BA,MUTUÍPE,CENTRO,-13.227546,-39.504585,locais de votação,154,150
110,BA,RIBEIRA DO POMBAL,CENTRO,-10.775451,-38.536176,locais de votação,223,223
111,BA,PARAMIRIM,CENTRO,-13.407006,-42.241637,locais de votação,173,173
112,BA,PRADO,CENTRO,-17.340382,-39.224082,locais de votação,184,184
113,BA,RIACHO DE SANTANA,CENTRO,-13.779485,-42.80702,locais de votação,115,2
114,BA,RIACHÃO DO JACUÍPE,CENTRO,-11.800991,-39.423488,centroide dos municípios,170,0
115,BA,SAÚDE,CENTRO,-10.940935,-40.362651,locais de votação,131,131
116,BA,CANAVIEIRAS,CENTRO,-15.667365,-38.954834,locais de votação,157,153
117,BA,URANDI,CENTRO,-14.647445,-42.657491,locais de votação,114,114
118,BA,CACHOEIRA,CENTRO,-12.679542,-38.952394,locais de votação,246,197
119,BA,ANDARAÍ,IBIRAPITANGA,-12.908388,-41.123265,locais de votação,143,143
120,BA,VALENTE,CENTRO,-11.41307,-39.464172,locais de votação,96,96
121,BA,PORTO SEGURO,TABAPIRI,-16.413839,-39.064514,locais de votação,156,43
122,BA,PORTO SEGURO,TABAPIRI,-16.423046,-39.091594,locais de votação,201,201
123,BA,ARACI,CENTRO,-11.212492,-39.064489,centroide dos municípios,208,0
124,BA,CORRENTINA,LOTEAMENTO ANTÔNIO DE FRANÇA BARBOSA,-13.344905,-44.637242,locais de votação,114,110
125,BA,CARINHANHA,CENTRO,-14.295717,-43.766799,locais de votação,140,124
126,BA,BAIANÓPOLIS,CENTRO,-12.229682,-44.462673,locais de votação,147,147
127,BA,CANDEIAS,OURO NEGRO,-12.6713,-38.537383,locais de votação,195,195
128,BA,SÃO SEBASTIÃO DO PASSÉ,SÃO ROQUE,-12.508775,-38.49245,locais de votação,136,134
129,BA,CATU,BOA VISTA,-12.357051,-38.381139,locais de votação,124,124
130,BA,CORAÇÃO DE MARIA,CENTRO,-12.246199,-38.74926,locais de votação,110,5
131,BA,MURITIBA,CENTRO,-12.603856,-39.0915,locais de votação,180,180
132,BA,CONCEIÇÃO DO COITÉ,CENTRO,-11.568644,-39.279423,locais de votação,216,216
133,BA,CAMACÃ,CENTRO,-15.421634,-39.497154,locais de votação,191,191
134,BA,UBATÃ,LOMANTO JÚNIOR,-14.207479,-39.517172,locais de votação,140,137
135,BA,COARACI,CENTRO,-14.637848,-39.556412,locais de votação,146,142
136,BA,ITAJUÍPE,CENTRO,-14.677003,-39.37881,locais de votação,101,101
137,BA,ITORORÓ,CENTRO,-15.048827,-40.007125,centroide dos municípios,97,0
138,BA,ITARANTIM,CENTRO,-15.656129,-40.057497,locais de votação,77,77
139,BA,BARRA DO CHOÇA,CENTRO,-14.913025,-40.581237,centroide dos municípios,177,0
140,BA,ITAPETINGA,CENTRO,-15.25054,-40.241663,locais de votação,165,165
141,BA,ITAPARICA,CENTRO,-13.007128,-38.696938,centroide dos municípios,167,0
142,BA,CRUZ DAS ALMAS,MIRADOURO,-12.673404,-39.108959,locais de votação,216,216
143,BA,SANTO ESTEVÃO,CENTRO,-12.433125,-39.253288,locais de votação,214,214
144,BA,ENTRE RIOS,CENTRO,-12.063624,-38.048365,centroide dos municípios,141,0
145,BA,SANTALUZ,CENTRO,-11.25124,-39.375115,locais de votação,100,95
146,BA,IGUAÍ,CENTRO,-14.7599,-40.087218,locais de votação,164,164
147,BA,ITAGIBÁ,CENTRO,-14.166098,-39.903057,locais de votação,166,161
148,BA,ITANHÉM,CENTRO,-17.166029,-40.328396,locais de votação,97,97
149,BA,ITIÚBA,CENTRO,-10.731346,-40.105726,centroide dos municípios,196,0
150,BA,SERRINHA,GINÁSIO,-11.656033,-39.003884,locais de votação,323,323
151,BA,GANDU,CENTRO,-13.750375,-39.488335,locais de votação,149,149
152,BA,ENCRUZILHADA,CENTRO,-15.535178,-40.743237,locais de votação,88,88
153,BA,MEDEIROS NETO,PLANALTO I,-17.436684,-40.222648,locais de votação,136,136
154,BA,FEIRA DE SANTANA,QUEIMADINHA,-12.230111,-38.957516,locais de votação,312,312
155,BA,FEIRA DE SANTANA,QUEIMADINHA,-12.248614,-38.947925,locais de votação,344,344
156,BA,FEIRA DE SANTANA,QUEIMADINHA,-12.225932,-38.977357,locais de votação,327,327
157,BA,FEIRA DE SANTANA,QUEIMADINHA,-12.285008,-38.955249,locais de votação,361,361
158,BA,CHORROCHÓ,CENTRO,-8.845443,-39.099121,locais de votação,134,134
159,BA,CENTRAL,CENTRO,-11.138677,-42.068016,locais de votação,146,146
160,BA,SANTA BÁRBARA,CENTRO,-11.957666,-38.973222,locais de votação,129,129
161,BA,ANAGÉ,BAIRRO SAO JOAO BATISTA,-14.614109,-41.141921,locais de votação,141,141
162,BA,SÃO FRANCISCO DO CONDE,CENTRO,-12.692482,-38.617358,locais de votação,149,149
163,BA,ALAGOINHAS,ALAGOINHAS VELHA,-12.133905,-38.571957,locais de votação,404,1
166,BA,BUERAREMA,CENTRO,-15.079023,-39.336857,locais de votação,128,99
167,BA,JACOBINA,CENTRO,-10.777072,-41.137065,centroide dos municípios,164,0
168,BA,IGAPORÃ,CENTRO,-13.549215,-42.519685,locais de votação,121,121
169,BA,BARRA DA ESTIVA,CENTRO,-13.625439,-41.306878,locais de votação,148,47
170,BA,CAMAÇARI,CENTRO,-12.66596,-38.206269,centroide dos municípios,239,0
171,BA,CAMAÇARI,CENTRO,-12.66596,-38.206269,centroide dos municípios,278,0
172,BA,ITAMARAJU,CENTRO,-17.036758,-39.534647,locais de votação,194,194
173,BA,IBOTIRAMA,CENTRO,-12.180988,-43.216768,locais de votação,205,131
174,BA,CANARANA,CENTRO,-11.862953,-41.753615,locais de votação,152,152
175,BA,PALMAS DE MONTE ALTO,CENTRO,-14.356474,-43.164481,locais de votação,122,122
176,BA,BARRA DO MENDES,CENTRO,-11.73183,-42.058476,locais de votação,116,116
177,BA,TREMEDAL,CENTRO,-14.973519,-41.415691,locais de votação,173,149
178,BA,SANTO AMARO,CENTRO,-12.553309,-38.712877,locais de votação,203,197
179,BA,JAGUARARI,CENTRO,-10.21118,-40.144683,locais de votação,99,95
180,BA,LAURO DE FREITAS,CENTRO,-12.889832,-38.323267,locais de votação,361,361
181,BA,PAULO AFONSO,CENTRO,-9.407478,-38.220378,locais de votação,203,203
182,BA,RIACHÃO DAS NEVES,CENTRO,-11.745614,-44.913095,locais de votação,89,89
183,BA,TEIXEIRA DE FREITAS,MONTE CASTELO,-17.537708,-39.743317,locais de votação,328,328
184,BA,SÃO FELIPE,CENTRO,-12.843852,-39.100503,locais de votação,125,125
185,BA,MATA DE SÃO JOÃO,CENTRO,-12.483983,-38.14879,centroide dos municípios,140,0
186,BA,DIAS D'ÁVILA,LESSA RIBEIRO,-12.601266,-38.282365,centroide dos municípios,161,0
187,BA,FORMOSA DO RIO PRETO,CENTRO,-11.042556,-45.191218,locais de votação,67,67
188,BA,EUNÁPOLIS,DINAH BORGES,-16.336852,-39.576898,locais de votação,147,147
189,BA,ITABELA,CENTRO,-16.577713,-39.557263,locais de votação,135,72
190,BA,SERRA DOURADA,CENTRO,-12.703866,-43.96227,locais de votação,130,130
191,BA,CAPIM GROSSO,OLIVEIRA,-11.306279,-39.995909,centroide dos municípios,149,0
192,BA,CONCEIÇÃO DO JACUÍPE,CENTRO,-12.33608,-38.760134,locais de votação,133,133
193,BA,IAÇU,CENTRO,-12.813376,-40.112874,centroide dos municípios,140,0
195,BA,PILÃO ARCADO,CENTRO,-9.999279,-42.576582,locais de votação,127,127
196,BA,RETIROLÂNDIA,CENTRO,-11.606912,-39.631723,locais de votação,123,123
197,BA,WENCESLAU GUIMARÃES,CENTRO,-13.598477,-39.475654,locais de votação,153,153
198,BA,URUÇUCA,CENTRO,-14.527397,-39.231525,centroide dos municípios,149,0
199,BA,JOÃO DOURADO,CENTRO,-11.349509,-41.653264,locais de votação,100,100
200,BA,POJUCA,NOVA POJUCA,-12.361717,-38.25294,centroide dos municípios,112,0
201,BA,ITAMBÉ,CENTRO,-15.239289,-40.621586,locais de votação,111,111
202,BA,SANTO ANTÔNIO DE JESUS,CENTRO,-12.966389,-39.251249,locais de votação,164,113
203,BA,EUNÁPOLIS,DINAH BORGES,-16.371139,-39.583432,locais de votação,202,196
205,BA,LUÍS EDUARDO MAGALHÃES,MIMOSO I,-12.087413,-45.798756,locais de votação,210,210
1,CE,FORTALEZA,PRAIA DE IRACEMA,-3.734832,-38.474192,locais de votação,335,335
2,CE,FORTALEZA,PRAIA DE IRACEMA,-3.830659,-38.489887,locais de votação,309,302
3,CE,FORTALEZA,PRAIA DE IRACEMA,-3.729938,-38.511009,locais de votação,372,372
4,CE,MARANGUAPE,CENTRO - MARANGUAPE,-3.925193,-38.693092,locais de votação,329,329
5,CE,BATURITÉ,CENTRO,-4.305699,-38.886235,locais de votação,215,215
6,CE,QUIXADÁ,CENTRO,-4.967691,-39.014788,locais de votação,370,366
7,CE,CASCAVEL,CENTRO,-4.126932,-38.248943,locais de votação,284,284
8,CE,ARACATI,CENTRO,-4.568488,-37.769828,locais de votação,320,320
9,CE,RUSSAS,CENTRO,-4.934665,-37.979902,locais de votação,236,236
10,CE,JAGUARIBE,CENTRO,-5.949501,-38.610054,locais de votação,196,182
11,CE,QUIXERAMOBIM,CENTRO,-5.197274,-39.296697,locais de votação,249,249
12,CE,SENADOR POMPEU,CENTRO,-5.591922,-39.417353,locais de votação,175,175
13,CE,IGUATU,BUGI,-6.366813,-39.293634,locais de votação,450,450
14,CE,LAVRAS DA MANGABEIRA,VILA BANCARIA,-6.753703,-38.969304,locais de votação,116,116
15,CE,ICÓ,CENTRO,-6.399764,-38.863726,locais de votação,326,319
16,CE,MISSÃO VELHA,BOA VISTA,-7.249723,-39.143159,locais de votação,116,116
17,CE,ITAPIPOCA,BOA VISTA,-3.495936,-39.579306,locais de votação,421,421
18,CE,ASSARÉ,CENTRO,-6.867104,-39.870146,locais de votação,161,161
19,CE,TAUÁ,TAUAZINHO,-6.009036,-40.366081,locais de votação,311,311
20,CE,CRATEÚS,VENANCIOS,-5.178089,-40.674434,locais de votação,312,312
21,CE,IPU,CENTRO,-4.321528,-40.710007,locais de votação,173,173
22,CE,SÃO BENEDITO,MONS. OTALICIO,-4.054455,-40.892838,locais de votação,209,209
23,CE,URUBURETAMA,CENTRO,-3.670599,-39.402078,locais de votação,179,179
24,CE,SOBRAL,JOCELY DANTAS DE ANDRADE TORRES,-3.677125,-40.370162,locais de votação,371,371
25,CE,GRANJA,CENTRO,-3.228602,-40.828081,locais de votação,238,238
26,CE,MILAGRES,CENTRO,-7.311807,-38.948582,locais de votação,128,128
27,CE,CRATO,MIRANDÃO,-7.231322,-39.411305,locais de votação,366,366
28,CE,JUAZEIRO DO NORTE,CENTRO,-7.206822,-39.313438,locais de votação,286,286
29,CE,LIMOEIRO DO NORTE,CENTRO,-5.13944,-38.093602,locais de votação,236,236
30,CE,ACARAÚ,CENTRO,-2.895633,-40.174001,locais de votação,311,300
31,CE,BARBALHA,VILA SANTO ANTONIO,-7.312255,-39.301814,locais de votação,158,158
32,CE,CAMOCIM,CENTRO,-2.907784,-40.848711,locais de votação,182,182
33,CE,CANINDÉ,IMACULADA CONCEIÇÃO,-4.36414,-39.319534,locais de votação,298,298
35,CE,VIÇOSA DO CEARÁ,CENTRO,-3.564925,-41.092132,locais de votação,175,175
36,CE,SÃO GONÇALO DO AMARANTE,CENTRO,-3.576152,-38.964943,locais de votação,160,160
37,CE,CAUCAIA,CENTRO,-3.724303,-38.657204,locais de votação,292,292
38,CE,CAMPOS SALES,B. CENTRO,-7.078092,-40.37321,locais de votação,174,170
39,CE,INDEPENDÊNCIA,CENTRO,-5.396641,-40.311882,locais de votação,111,111
40,CE,IPUEIRAS,CENTRO,-4.574672,-40.799752,locais de votação,209,207
41,CE,ITAPAJÉ,CENTRO-SEDE,-3.735382,-39.586714,locais de votação,286,286
43,CE,JUCÁS,CENTRO - SEDE,-6.528482,-39.52845,locais de votação,224,216
44,CE,SANTANA DO ACARAÚ,JOAO ALFREDO,-3.3482,-40.151865,locais de votação,186,186
45,CE,MASSAPÊ,CENTRO,-3.521755,-40.345092,locais de votação,130,130
46,CE,MOMBAÇA,CENTRO,-5.747481,-39.63174,locais de votação,158,158
47,CE,MORADA NOVA,CENTRO,-5.105633,-38.372755,locais de votação,264,258
48,CE,NOVA RUSSAS,PATRONATO,-4.708831,-40.568328,locais de votação,159,159
49,CE,PACAJUS,CENTRO,-4.176224,-38.468038,locais de votação,256,256
50,CE,PENTECOSTE,ACAMPAMENTO,-3.860729,-39.272746,locais de votação,228,228
52,CE,REDENÇÃO,CENTRO (SEDE),-4.274241,-38.70392,locais de votação,199,185
53,CE,NOVA OLINDA,CENTRO,-7.093642,-39.734708,locais de votação,128,128
54,CE,SANTA QUITÉRIA,CENTRO,-4.34139,-40.188709,locais de votação,260,260
55,CE,SOLONÓPOLE,CENTRO,-5.731434,-39.163501,locais de votação,157,154
57,CE,PACATUBA,CARNAUBINHA,-3.928539,-38.613994,locais de votação,234,233
59,CE,PEDRA BRANCA,POSTO 2,-5.456873,-39.717542,locais de votação,158,158
60,CE,ACOPIARA,SAO FRANCISCO,-6.099312,-39.460311,locais de votação,277,277
61,CE,TAMBORIL,CENTRO,-4.832523,-40.290772,locais de votação,174,174
62,CE,VÁRZEA ALEGRE,CENTRO,-6.812531,-39.300404,locais de votação,213,213
63,CE,BOA VIAGEM,BOAVIAGINHA,-5.09758,-39.728054,locais de votação,222,216
64,CE,COREAÚ,CENTRO,-3.552626,-40.675553,locais de votação,134,134
65,CE,CARIRÉ,FÓRUM,-4.008246,-40.47523,locais de votação,157,156
66,CE,AQUIRAZ,CENTRO,-3.943532,-38.387644,locais de votação,223,196
67,CE,ARACOIABA,CENTRO-SEDE,-4.472412,-38.627727,locais de votação,191,191
68,CE,ARARIPE,CENTRO,-7.188003,-40.128528,locais de votação,115,115
69,CE,AURORA,CENTRO-SEDE,-6.943617,-38.964414,locais de votação,83,82
70,CE,BREJO SANTO,SAO FRANCISCO-SEDE,-7.515052,-39.005168,locais de votação,263,263
71,CE,CARIRIAÇU,CENTRO,-7.042527,-39.282747,locais de votação,112,112
72,CE,JAGUARETAMA,CENTRO,-5.610856,-38.762484,locais de votação,101,101
73,CE,IBIAPINA,PRAÇA DO ESTÁDIO,-3.878403,-40.917611,locais de votação,198,198
74,CE,GUARACIABA DO NORTE,CENTRO,-4.211472,-40.810715,locais de votação,181,181
75,CE,JAGUARUANA,CENTRO,-4.836124,-37.785186,locais de votação,142,142
76,CE,MAURITI,CENTRO-SEDE,-7.388459,-38.772513,locais de votação,161,158
78,CE,HORIZONTE,GAMELEIRA,-4.094158,-38.500656,locais de votação,300,300
79,CE,RERIUTABA,CARÃO,-4.022829,-40.741788,locais de votação,192,192
80,CE,FORTALEZA,PRAIA DE IRACEMA,-3.754505,-38.516209,locais de votação,318,318
81,CE,TIANGUÁ,BAIRRO PLANALTO,-3.72901,-40.988575,locais de votação,266,266
82,CE,FORTALEZA,PRAIA DE IRACEMA,-3.715338,-38.558717,locais de votação,322,322
83,CE,FORTALEZA,PRAIA DE IRACEMA,-3.758254,-38.577103,locais de votação,309,306
84,CE,BEBERIBE,NOVO PLANALTO,-4.273511,-38.0996,locais de votação,163,163
85,CE,FORTALEZA,PRAIA DE IRACEMA,-3.760715,-38.601553,locais de votação,290,290
86,CE,ALTO SANTO,CENTRO,-5.70064,-38.271513,locais de votação,128,128
88,CE,EUSÉBIO,CENTRO,-3.885725,-38.455589,locais de votação,159,159
89,CE,AMONTADA,TORRE,-3.346449,-39.799264,locais de votação,176,176
91,CE,TABULEIRO DO NORTE,CENTRO,-5.248215,-38.127511,locais de votação,123,123
92,CE,BARRO,TRAJANO NOGUEIRA-SEDE,-7.042928,-38.751992,locais de votação,138,138
93,CE,FORTALEZA,PRAIA DE IRACEMA,-3.830543,-38.560681,locais de votação,239,238
94,CE,FORTALEZA,PRAIA DE IRACEMA,-3.724943,-38.593525,locais de votação,350,350
95,CE,FORTALEZA,PRAIA DE IRACEMA,-3.844775,-38.518198,locais de votação,280,280
96,CE,BELA CRUZ,CENTRO-SEDE,-3.119155,-40.17056,locais de votação,183,180
97,CE,TRAIRI,CENTRO,-3.277993,-39.316236,locais de votação,174,174
98,CE,ITAREMA,CENTRO,-2.936666,-39.909588,locais de votação,112,112
99,CE,NOVO ORIENTE,CENTRO,-5.658232,-40.770391,locais de votação,163,163
101,CE,AIUABA,CAICARA,-6.568158,-40.157886,locais de votação,82,82
104,CE,MARACANAÚ,CONJUNTO JEREISSATI I,-3.875435,-38.602988,locais de votação,252,252
105,CE,CAPISTRANO,CENTRO,-4.468132,-38.939184,locais de votação,165,165
108,CE,CHAVAL,CENTRO,-3.025422,-41.238641,locais de votação,95,95
109,CE,PARACURU,CAMPO DE AVIAÇÃO,-3.43282,-39.110186,locais de votação,202,202
111,CE,CARIDADE,CENTRO,-4.147622,-39.198759,locais de votação,117,117
112,CE,FORTALEZA,PRAIA DE IRACEMA,-3.784685,-38.485978,locais de votação,328,328
113,CE,FORTALEZA,PRAIA DE IRACEMA,-3.744113,-38.547965,locais de votação,392,392
114,CE,FORTALEZA,PRAIA DE IRACEMA,-3.714762,-38.57966,locais de votação,291,291
115,CE,FORTALEZA,PRAIA DE IRACEMA,-3.785737,-38.566079,locais de votação,349,349
116,CE,FORTALEZA,PRAIA DE IRACEMA,-3.784367,-38.60157,locais de votação,320,303
117,CE,FORTALEZA,PRAIA DE IRACEMA,-3.807627,-38.599198,locais de votação,285,284
118,CE,FORTALEZA,PRAIA DE IRACEMA,-3.801392,-38.537652,locais de votação,274,274
119,CE,JUAZEIRO DO NORTE,CENTRO,-7.227409,-39.312518,locais de votação,420,420
120,CE,CAUCAIA,CENTRO,-3.744574,-38.693089,locais de votação,187,170
121,CE,SOBRAL,JOCELY DANTAS DE ANDRADE TORRES,-3.708318,-40.33275,locais de votação,306,305
122,CE,MARACANAÚ,CONJUNTO JEREISSATI I,-3.849335,-38.625433,locais de votação,274,274
123,CE,CAUCAIA,CENTRO,-3.766037,-38.626671,locais de votação,280,275
1,DF,BRASÍLIA,ASA SUL,-15.816545,-47.902944,locais de votação,281,281
2,DF,BRASÍLIA,PARANOÁ,-15.757776,-47.780893,locais de votação,317,317
3,DF,BRASÍLIA,TAGUATINGA NORTE,-15.8153,-48.088426,locais de votação,246,246
4,DF,BRASÍLIA,SANTA MARIA,-16.023407,-48.016468,locais de votação,285,285
5,DF,BRASÍLIA,SOBRADINHO,-15.646375,-47.804482,locais de votação,412,412
6,DF,BRASÍLIA,PLANALTINA,-15.6213,-47.65143,locais de votação,441,441
8,DF,BRASÍLIA,CEILANDIA NORTE,-15.815506,-48.1121,locais de votação,485,485
9,DF,BRASÍLIA,GUARA I,-15.823117,-47.979467,locais de votação,441,440
10,DF,BRASÍLIA,NUCLEO BANDEIRANTE,-15.879769,-48.005858,locais de votação,337,337
11,DF,BRASÍLIA,CRUZEIRO NOVO,-15.795987,-47.937806,locais de votação,246,246
13,DF,BRASÍLIA,SAMAMBAIA,-15.876392,-48.095849,locais de votação,411,411
14,DF,BRASÍLIA,ASA NORTE,-15.759313,-47.890407,locais de votação,323,323
15,DF,BRASÍLIA,AGUAS CLARAS - TAGUATINGA SUL,-15.83854,-48.037452,locais de votação,509,503
16,DF,BRASÍLIA,CEILANDIA NORTE,-15.791703,-48.14215,locais de votação,477,476
17,DF,BRASÍLIA,SETOR CENTRAL,-16.017455,-48.065795,locais de votação,394,393
18,DF,BRASÍLIA,LAGO SUL,-15.893792,-47.782069,locais de votação,438,438
19,DF,BRASÍLIA,TAGUATINGA NORTE,-15.808762,-48.059031,locais de votação,359,359
20,DF,BRASÍLIA,CEILANDIA SUL,-15.840782,-48.115796,locais de votação,227,227
21,DF,BRASÍLIA,RECANTO DAS EMAS,-15.909003,-48.071612,locais de votação,354,353
1,ES,VITÓRIA,CENTRO,-20.300537,-40.325473,locais de votação,413,351
2,ES,CACHOEIRO DE ITAPEMIRIM,AMARELO (ZONA 2),-20.850769,-41.133076,locais de votação,331,331
3,ES,CASTELO,CENTRO,-20.603124,-41.203846,locais de votação,139,135
4,ES,ALEGRE,CENTRO,-20.767331,-41.532653,locais de votação,132,125
5,ES,MIMOSO DO SUL,CENTRO,-21.059899,-41.358453,locais de votação,111,111
6,ES,COLATINA,MARIA DAS GRAÇAS,-19.526887,-40.638446,locais de votação,323,323
7,ES,BAIXO GUANDU,CENTRO,-19.517322,-41.016888,locais de votação,117,115
8,ES,AFONSO CLÁUDIO,SÃO VICENTE,-20.075552,-41.126968,locais de votação,84,84
9,ES,SANTA LEOPOLDINA,CENTRO,-20.063624,-40.742763,locais de votação,127,105
10,ES,IBATIBA,NOVO HORIZONTE,-20.250741,-41.550148,centroide dos municípios,97,0
11,ES,SANTA TERESA,CENTRO,-19.934595,-40.654618,locais de votação,96,96
12,ES,ALFREDO CHAVES,CENTRO,-20.630398,-40.745554,locais de votação,89,14
13,ES,GUAÇUÍ,CENTRO,-20.770841,-41.678016,locais de votação,87,87
14,ES,IBIRAÇU,ERICINA PAGIOLA,-19.834799,-40.417868,centroide dos municípios,129,0
15,ES,DOMINGOS MARTINS,CENTRO (SEDE),-20.307798,-40.848892,centroide dos municípios,96,0
16,ES,ITAGUAÇU,CENTRO,-19.751881,-40.785091,locais de votação,73,70
17,ES,ANCHIETA,JUSTIÇA II,-20.718661,-40.686274,centroide dos municípios,168,0
18,ES,IÚNA,CENTRO,-20.35058,-41.536155,locais de votação,107,107
19,ES,MUNIZ FREIRE,CENTRO,-20.348691,-41.414781,locais de votação,89,83
20,ES,ARACRUZ,JEQUITIBÁ,-19.825195,-40.26928,locais de votação,217,209
21,ES,SÃO MATEUS,FÁTIMA ( IDEAL),-18.720802,-39.859383,locais de votação,271,264
22,ES,ITAPEMIRIM,CENTRO,-20.946207,-40.829282,locais de votação,135,130
23,ES,BARRA DE SÃO FRANCISCO,CENTRO,-18.666014,-40.831157,centroide dos municípios,146,0
24,ES,GUARAPARI,PARQUE DA AREIA PRETA,-20.653647,-40.504538,locais de votação,299,296
25,ES,LINHARES,COLINA,-19.390361,-40.059873,locais de votação,338,336
26,ES,SERRA,CENTRO,-20.141292,-40.28706,locais de votação,289,289
27,ES,CONCEIÇÃO DA BARRA,CENTRO,-18.296503,-39.956303,locais de votação,137,68
30,ES,NOVA VENÉCIA,BEIRA RIO,-18.698287,-40.522351,centroide dos municípios,183,0
32,ES,VILA VELHA,PRAIA DA COSTA,-20.337222,-40.29404,locais de votação,363,363
33,ES,ECOPORANGA,CENTRO,-18.372288,-40.830074,locais de votação,73,73
34,ES,CARIACICA,CAMPO GRANDE,-20.34669,-40.381653,locais de votação,423,387
35,ES,ICONHA,MORADA VALE DO SOL,-20.764429,-40.937248,locais de votação,147,147
36,ES,PANCAS,CENTRO,-19.059852,-40.968701,locais de votação,138,138
37,ES,SÃO GABRIEL DA PALHA,CENTRO,-19.008883,-40.534055,locais de votação,142,133
38,ES,MONTANHA,MARIA ZÉLIA,-18.138845,-40.275159,centroide dos municípios,102,0
39,ES,PINHEIROS,CENTRO,-18.414799,-40.221185,locais de votação,109,102
40,ES,VENDA NOVA DO IMIGRANTE,MARMIM,-20.337198,-41.14511,locais de votação,90,90
41,ES,JAGUARÉ,CENTRO,-18.949699,-40.004173,centroide dos municípios,127,0
43,ES,MARATAÍZES,CIDADE NOVA,-21.100039,-40.8936,centroide dos municípios,158,0
44,ES,BOM JESUS DO NORTE,CENTRO,-20.982783,-41.655657,centroide dos municípios,111,0
46,ES,ÁGUIA BRANCA,CENTRO,-19.151294,-40.624071,locais de votação,89,89
47,ES,VIANA,CENTRO,-20.362763,-40.427577,locais de votação,181,180
48,ES,CACHOEIRO DE ITAPEMIRIM,AMARELO (ZONA 48),-20.841757,-41.114534,locais de votação,212,211
51,ES,RIO BANANAL,SÃO SEBASTIÃO,-19.254686,-40.353049,locais de votação,84,81
52,ES,VITÓRIA,JARDIM CAMBURI,-20.281504,-40.296373,locais de votação,397,397
53,ES,SERRA,JARDIM LIMOEIRO,-20.128113,-40.301617,centroide dos municípios,363,0
54,ES,CARIACICA,ITACIBÁ,-20.302452,-40.381762,locais de votação,400,328
55,ES,VILA VELHA,CENTRO,-20.434057,-40.378228,centroide dos municípios,414,0
57,ES,VILA VELHA,IBES,-20.350505,-40.330251,locais de votação,329,309
59,ES,SERRA,JACARAÍPE,-20.128113,-40.301617,centroide dos municípios,347,0
1,GO,GOIÂNIA,SETOR BUENO,-16.67844,-49.253849,locais de votação,399,387
2,GO,GOIÂNIA,SETOR BUENO,-16.647648,-49.286679,locais de votação,362,362
3,GO,ANÁPOLIS,MARACANANZINHO,-16.345815,-48.969486,locais de votação,347,347
4,GO,NOVO GAMA,NOVO GAMA,-16.076027,-48.036738,locais de votação,167,167
5,GO,BURITI ALEGRE,SETOR PARREIRA,-18.135679,-48.765056,locais de votação,66,66
6,GO,CAIAPÔNIA,SETOR NOVA CAIAPONIA,-16.949093,-51.815427,locais de votação,68,68
7,GO,CALDAS NOVAS,ITANHANGA I,-17.748119,-48.617257,locais de votação,225,225
8,GO,CATALÃO,SANTA CRUZ,-18.167451,-47.940915,locais de votação,311,311
11,GO,FORMOSA,PARQUE LAGUNA II,-15.54039,-47.329933,locais de votação,307,307
12,GO,GOIÁS,AEROPORTO,-15.937111,-50.143619,locais de votação,82,82
13,GO,INHUMAS,SETOR NIPO BRASILEIRO,-16.362786,-49.494788,locais de votação,146,146
14,GO,IPAMERI,CENTRO,-17.713226,-48.157904,locais de votação,101,101
15,GO,ITABERAÍ,CENTRO,-16.02419,-49.802414,locais de votação,129,129
16,GO,ITUMBIARA,ERNESTINA BORGES DE ANDRADE,-18.414351,-49.226255,locais de votação,272,272
17,GO,JARAGUÁ,JARDIM AEROPORTO,-15.754815,-49.330158,locais de votação,121,121
18,GO,JATAÍ,CONDOMÍNIO BARCELONA,-17.881362,-51.724223,locais de votação,281,281
19,GO,LUZIÂNIA,PARQUE JK,-16.244058,-47.950016,locais de votação,372,372
20,GO,PALMEIRAS DE GOIÁS,JARDIM ATLÂNTICO,-16.811338,-49.919962,locais de votação,108,108
21,GO,MINEIROS,RODRIGUES,-17.564596,-52.554439,locais de votação,158,158
22,GO,MORRINHOS,SETOR AEROPORTO,-17.730925,-49.109214,locais de votação,106,106
24,GO,SANTO ANTÔNIO DO DESCOBERTO,CENTRO,-15.946767,-48.2709,locais de votação,138,138
25,GO,PIRACANJUBA,RESIDENCIAL RECANTO DOS BOSQUES,-17.300635,-49.032223,locais de votação,98,98
26,GO,PIRENÓPOLIS,CENTRO,-15.852782,-48.814684,locais de votação,166,166
27,GO,PIRES DO RIO,BAIRRO OSVALDO GONÇALVES,-17.29749,-48.2841,locais de votação,125,125
28,GO,ÁGUAS LINDAS DE GOIÁS,JARDIM QUERÊNCIA,-15.74535,-48.281063,locais de votação,286,286
29,GO,POSSE,SETOR GUARANI,-14.090217,-46.365937,locais de votação,109,109
30,GO,RIO VERDE,SETOR MORADA DO SOL,-17.797392,-50.920336,locais de votação,257,257
31,GO,SILVÂNIA,PARK RESID. ANCHIETA,-16.675388,-48.611594,locais de votação,113,113
32,GO,BELA VISTA DE GOIÁS,SETOR LÚCIA ALICE,-16.971148,-48.950644,locais de votação,87,87
33,GO,VALPARAÍSO DE GOIÁS,2 ETAPA DO JARDIM CEU AZUL,-16.066775,-47.992113,locais de votação,264,264
34,GO,ANICUNS,CENTRO,-16.298096,-49.985315,locais de votação,116,106
35,GO,ARAGARÇAS,SETOR CEARA,-15.906702,-52.237805,locais de votação,83,83
36,GO,CRISTALINA,CENTRO,-16.769445,-47.609334,locais de votação,108,107
38,GO,GOIATUBA,SETOR CENTRAL,-18.014555,-49.367487,locais de votação,105,105
39,GO,ITAPACI,CENTRO,-14.950616,-49.547919,locais de votação,104,102
40,GO,SENADOR CANEDO,CENTRO,-16.695035,-49.107515,locais de votação,234,234
41,GO,NIQUELÂNDIA,CENTRO,-14.467493,-48.457182,locais de votação,103,103
42,GO,CIDADE OCIDENTAL,MORADA DAS GARCAS,-16.106648,-47.932404,locais de votação,129,129
43,GO,PARAÚNA,CENTRO,-16.958695,-50.427194,locais de votação,57,57
44,GO,PLANALTINA,SETOR LESTE,-15.452098,-47.608651,locais de votação,189,189
45,GO,PONTALINA,SETOR AEROPORTO,-17.52168,-49.456844,locais de votação,103,103
46,GO,QUIRINÓPOLIS,BAIRRO ALEXANDRINA,-18.450687,-50.448368,locais de votação,131,131
47,GO,SÃO DOMINGOS,CENTRO,-13.67868,-46.48074,locais de votação,64,64
49,GO,TRINDADE,JARDIM PRIMAVERA,-16.644065,-49.484524,locais de votação,265,265
50,GO,URUAÇU,SETOR AEROPORTO,-14.527813,-49.151091,locais de votação,160,160
53,GO,IPORÁ,CENTRO,-16.442048,-51.117052,locais de votação,145,145
54,GO,NERÓPOLIS,SETOR SÃO PAULO,-16.399542,-49.22532,locais de votação,117,117
55,GO,PORANGATU,CENTRO,-13.437684,-49.145401,locais de votação,122,122
56,GO,GUAPÓ,CENTRO,-16.836354,-49.450776,locais de votação,119,119
57,GO,ITAUÇU,SETOR ARY DEMÓSTHENES ALMEIDA,-16.057457,-49.606015,locais de votação,115,115
63,GO,FIRMINÓPOLIS,CENTRO,-16.587678,-50.132063,locais de votação,120,120
66,GO,SANTA HELENA DE GOIÁS,ARANTES,-17.816262,-50.597016,locais de votação,115,115
68,GO,EDÉIA,SETOR FÊNIX,-17.334301,-49.929845,locais de votação,81,81
72,GO,CERES,CENTRO,-15.309395,-49.582864,locais de votação,160,160
74,GO,GOIANÉSIA,SETOR UNIVERSITARIO,-15.31976,-49.115456,locais de votação,218,218
76,GO,RUBIATABA,SETOR BELA VISTA,-15.168262,-49.802969,locais de votação,116,110
77,GO,ITAPURANGA,CENTRO,-15.559692,-49.9455,locais de votação,132,132
79,GO,FAZENDA NOVA,SETOR AEROPORTO,-16.144843,-50.906621,locais de votação,83,83
80,GO,SÃO LUÍS DE MONTES BELOS,SETOR RODOVIARIO,-16.521442,-50.378825,locais de votação,118,118
85,GO,CRIXÁS,NOVO HORIZONTE,-14.439289,-49.921892,locais de votação,135,135
87,GO,ALEXÂNIA,SETOR NOVA ALEXÂNIA,-16.089103,-48.513793,locais de votação,107,107
88,GO,MARA ROSA,SETOR NOVO HORIZONTE,-13.961358,-49.17739,locais de votação,69,69
94,GO,SÃO MIGUEL DO ARAGUAIA,SETOR ALTO ALEGRE,-13.28115,-50.164819,locais de votação,95,95
95,GO,JUSSARA,SETOR SAO FRANCISCO,-15.828933,-50.867447,locais de votação,134,134
96,GO,ITAJÁ,CENTRO,-18.967254,-51.927239,locais de votação,56,56
97,GO,CACHOEIRA ALTA,SETOR SEBASTIAO DE FREITAS,-18.913496,-50.657879,locais de votação,99,99
99,GO,CAVALCANTE,CENTRO,-13.794942,-47.446675,locais de votação,40,40
101,GO,GOIANIRA,SETOR VERDES MARES II,-16.502394,-49.41871,locais de votação,162,162
102,GO,PIRANHAS,SETOR DOS PALMARES,-16.431897,-51.81285,locais de votação,57,57
105,GO,CAMPOS BELOS,CENTRO,-13.040896,-46.771383,locais de votação,86,86
106,GO,CAÇU,SETOR SAO PAULO,-18.565003,-51.139517,locais de votação,62,62
110,GO,MOZARLÂNDIA,SETOR CAMOES,-14.749673,-50.569698,locais de votação,122,122
119,GO,APARECIDA DE GOIÂNIA,SETOR ARAGUAIA,-16.796043,-49.329348,locais de votação,323,323
123,GO,ALVORADA DO NORTE,CENTRO,-14.484525,-46.428822,locais de votação,98,98
124,GO,BOM JESUS DE GOIÁS,SETOR ALVORADA,-18.216858,-49.738416,locais de votação,76,76
125,GO,FORMOSO,CENTRO,-13.654486,-48.745377,locais de votação,72,72
127,GO,GOIÂNIA,SETOR BUENO,-16.708645,-49.29844,locais de votação,339,339
128,GO,ACREÚNA,CENTRO,-17.401239,-50.376417,locais de votação,75,70
130,GO,MINAÇU,CONJUNTO HABITACIONAL PRIMAVERA,-13.529142,-48.219878,locais de votação,99,99
131,GO,PADRE BERNARDO,SETOR OESTE,-15.166642,-48.263832,locais de votação,95,95
132,GO,APARECIDA DE GOIÂNIA,SETOR ARAGUAIA,-16.823648,-49.251541,locais de votação,331,331
133,GO,GOIÂNIA,SETOR BUENO,-16.715676,-49.258817,locais de votação,334,326
134,GO,GOIÂNIA,SETOR BUENO,-16.681567,-49.350091,locais de votação,349,349
135,GO,GOIÂNIA,SETOR OESTE,-16.676664,-49.204141,locais de votação,317,317
136,GO,GOIÂNIA,SETOR BUENO,-16.730507,-49.337903,locais de votação,302,302
140,GO,RIO VERDE,SETOR MORADA DO SOL,-17.785209,-50.932609,locais de votação,215,215
141,GO,ANÁPOLIS,MARACANANZINHO,-16.347683,-48.937282,locais de votação,300,300
143,GO,ALTO PARAÍSO DE GOIÁS,ÁREA DE EXPANSÃO URBANA,-14.151776,-47.520971,locais de votação,55,55
144,GO,ANÁPOLIS,MARACANANZINHO,-16.290438,-48.955452,locais de votação,329,329
145,GO,APARECIDA DE GOIÂNIA,SETOR ARAGUAIA,-16.757114,-49.270394,locais de votação,320,320
146,GO,GOIÂNIA,SETOR BUENO,-16.615648,-49.251266,locais de votação,331,331
147,GO,GOIÂNIA,SETOR BUENO,-16.619946,-49.334788,locais de votação,335,335
1,MA,SÃO LUÍS,COHAMA - ZONA URBANA,-2.558527,-44.310791,locais de votação,351,351
2,MA,SÃO LUÍS,COHAMA - ZONA URBANA,-2.545235,-44.273708,locais de votação,399,399
3,MA,SÃO LUÍS,COHAMA - ZONA URBANA,-2.521746,-44.250192,locais de votação,357,257
4,MA,CAXIAS,CAMPO DE BELEM,-4.866732,-43.354321,locais de votação,500,500
5,MA,CAXIAS,CAMPO DE BELEM,-4.630188,-43.47178,locais de votação,75,75
6,MA,CAXIAS,CAMPO DE BELEM,-5.114626,-43.813359,locais de votação,88,88
7,MA,CODÓ,CENTRO - ZONA URBANA,-4.453704,-43.892942,locais de votação,376,376
8,MA,COROATÁ,CENTRO - ZONA URBANA,-4.126447,-44.126749,locais de votação,180,180
9,MA,PEDREIRAS,MUTIRÃO - ZONA URBANA,-4.573857,-44.600599,locais de votação,196,196
10,MA,SÃO LUÍS,COHAMA - ZONA URBANA,-2.57199,-44.239123,locais de votação,395,395
11,MA,ALTO PARNAÍBA,SANTA CRUZ - ZONA URBANA,-9.106554,-45.930831,locais de votação,55,55
12,MA,ARAIOSES,CENTRO - ZONA URBANA,-2.927668,-41.965132,locais de votação,184,184
13,MA,BACABAL,CENTRO - ZONA URBANA,-4.226516,-44.78292,locais de votação,329,299
14,MA,CURURUPU,CENTRO - ZONA URBANA,-1.825978,-44.868992,locais de votação,118,112
15,MA,GRAJAÚ,TREZIDELA - ZONA URBANA,-5.816943,-46.135998,locais de votação,221,221
16,MA,ITAPECURU MIRIM,CENTRO - ZONA URBANA,-3.398691,-44.357932,locais de votação,254,254
17,MA,PASTOS BONS,SÃO JOSÉ ZONA URBANA,-6.604712,-44.086422,locais de votação,96,94
18,MA,ROSÁRIO,CENTRO-ZONA URBANA,-2.970771,-44.296571,locais de votação,265,265
19,MA,TIMON,PARQUE PIAUI - ZONA URBANA,-5.10158,-42.83646,locais de votação,371,371
20,MA,VIANA,CENTRO- ZONA URBANA,-3.212143,-45.011562,locais de votação,221,220
21,MA,BARÃO DE GRAJAÚ,CENTRO - ZONA URBANA,-6.498701,-43.026238,locais de votação,105,105
22,MA,BALSAS,POTOSI - ZONA URBANA,-7.530242,-46.040633,locais de votação,208,208
23,MA,BARRA DO CORDA,INCRA ZONA URBANA,-5.504606,-45.246246,locais de votação,302,302
24,MA,BREJO,BAIRRO SANTO ANTONIO -ZONA URBANA,-3.591496,-42.752777,locais de votação,253,251
25,MA,BURITI,CENTRO-ZONA URBANA,-3.94358,-42.922966,locais de votação,79,79
26,MA,CAROLINA,BAIRRO ALTO DA COLINA - ZONA URBANA,-7.334078,-47.464705,locais de votação,90,90
27,MA,ARARI,CENTRO ZONA URBANA,-3.454674,-44.77744,locais de votação,103,103
28,MA,COELHO NETO,BAIRRO OLHO DAGUINHA- ZONA URBANA,-4.25148,-43.017613,locais de votação,203,203
29,MA,COLINAS,GUANABARA - ZONA URBANA,-6.027483,-44.246524,locais de votação,113,113
30,MA,GUIMARÃES,CENTRO - ZONA URBANA,-2.06497,-44.666816,locais de votação,183,183
31,MA,ICATU,CENTRO - ZONA URBANA,-2.775562,-44.052413,locais de votação,124,124
32,MA,HUMBERTO DE CAMPOS,CENTRO - ZONA URBANA,-2.599142,-43.456184,locais de votação,194,193
33,MA,IMPERATRIZ,BOM JESUS - ZONA URBANA,-5.503413,-47.486838,locais de votação,322,318
34,MA,SÃO RAIMUNDO DAS MANGABEIRAS,CENTRO - ZONA URBANA,-7.025278,-45.482163,locais de votação,74,74
35,MA,SÃO LUÍS GONZAGA DO MARANHÃO,CENTRO-ZONA URBANA,-4.269907,-44.467787,locais de votação,133,133
36,MA,PARNARAMA,CENTRO - ZONA URBANA,-5.683337,-43.232011,locais de votação,124,124
37,MA,PINHEIRO,CENTRO-ZONA URBANA,-2.525806,-45.089992,locais de votação,240,239
38,MA,SÃO BENTO,MUTIRÃO - ZONA URBANA,-2.700298,-44.872345,locais de votação,188,188
39,MA,TURIAÇU,BAIRRO CANARIO ZONA URBANA,-1.666981,-45.412839,locais de votação,135,135
40,MA,TUTÓIA,CENTRO ZONA URBANA,-2.788889,-42.341367,locais de votação,259,259
41,MA,VITÓRIA DO MEARIM,BAIRRO CENTRO - ZONA URBANA,-3.474357,-44.874086,locais de votação,112,112
42,MA,CHAPADINHA,CORRENTE - ZONA URBANA,-3.738298,-43.357308,locais de votação,244,244
43,MA,PINDARÉ-MIRIM,CENTRO ZONA URBANA,-3.607968,-45.339277,locais de votação,182,182
44,MA,PASSAGEM FRANCA,CENTRO - ZONA URBANA,-5.994402,-43.829964,locais de votação,171,171
45,MA,PENALVA,BAIRRO CENTRO - ZONA URBANA,-3.288126,-45.17449,locais de votação,106,106
46,MA,PORTO FRANCO,CENTRO - ZONA URBANA,-6.337779,-47.364973,locais de votação,153,153
47,MA,SÃO JOSÉ DE RIBAMAR,CAMPINA - ZONA URBANA,-2.556386,-44.163713,locais de votação,391,391
48,MA,DOM PEDRO,CENTRO - ZONA URBANA,-5.03305,-44.435592,locais de votação,118,116
49,MA,VITORINO FREIRE,CENTRO - ZONA URBANA,-4.289039,-45.282514,locais de votação,153,153
50,MA,VARGEM GRANDE,ROSALINA - ZONA URBANA,-3.541506,-43.917388,locais de votação,231,231
51,MA,SÃO BERNARDO,CENTRO - ZONA URBANA,-3.360552,-42.395247,locais de votação,191,191
52,MA,ALCÂNTARA,CENTRO ZONA URBANA,-2.404953,-44.516837,locais de votação,84,84
53,MA,SÃO JOÃO DOS PATOS,SÃO RAIMUNDO - ZONA URBANA,-6.49023,-43.704838,locais de votação,145,145
54,MA,PRESIDENTE DUTRA,BAIRRO VILA MILITAR - ZONA URBANA,-5.283926,-44.495254,locais de votação,256,247
55,MA,CARUTAPERA,PERPÉTUO SOCORRO - ZONA URBANA.,-1.207909,-46.020036,locais de votação,88,88
56,MA,BARREIRINHAS,CENTRO-ZONA URBANA,-2.758167,-42.832758,locais de votação,199,199
57,MA,SANTA INÊS,CENTRO - ZONA URBANA,-3.664017,-45.380258,locais de votação,253,253
58,MA,JOÃO LISBOA,MUTIRÃO - ZONA URBANA,-5.448118,-47.293086,locais de votação,194,194
60,MA,SÃO DOMINGOS DO MARANHÃO,CENTRO - ZONA URBANA,-5.587775,-44.346595,locais de votação,181,181
61,MA,ESPERANTINÓPOLIS,CENTRO - ZONA URBANA,-4.87933,-44.941227,locais de votação,169,169
62,MA,LORETO,CENTRO - ZONA URBANA,-7.083055,-44.841296,locais de votação,79,79
63,MA,SÃO JOÃO BATISTA,CENTRO-ZONA URBANA,-2.900238,-44.829268,locais de votação,193,193
64,MA,CÂNDIDO MENDES,CENTRO - ZONA URBANA,-1.452692,-45.745945,locais de votação,116,116
65,MA,IMPERATRIZ,BOM JESUS - ZONA URBANA,-5.532496,-47.461974,locais de votação,266,266
66,MA,BACABAL,CENTRO - ZONA URBANA,-4.040496,-44.934838,locais de votação,148,145
67,MA,PEDREIRAS,MUTIRÃO - ZONA URBANA,-4.62571,-44.705176,locais de votação,116,116
68,MA,COROATÁ,CENTRO - ZONA URBANA,-4.347526,-44.264254,locais de votação,105,105
69,MA,SANTO ANTÔNIO DOS LOPES,BAIRRO NOVO - ZONA URBANA,-4.81513,-44.358244,locais de votação,98,98
70,MA,SANTA LUZIA,CENTRO - ZONA URBANA,-3.961541,-45.847476,locais de votação,282,282
71,MA,AÇAILÂNDIA,RESIDENCIAL TROPICAL - ZONA URBANA,-4.946459,-47.49123,locais de votação,290,290
72,MA,MIRADOR,ALTO ALEGRE - ZONA URBANA,-6.372952,-44.365059,locais de votação,85,85
73,MA,URBANO SANTOS,CENTRO,-3.210034,-43.408904,locais de votação,178,178
74,MA,LAGO DA PEDRA,CENTRO - ZONA URBANA,-4.572909,-45.12932,locais de votação,288,288
75,MA,RIACHÃO,CENTRO - ZONA URBANA,-7.359053,-46.624309,locais de votação,80,80
76,MA,SÃO LUÍS,COHAMA - ZONA URBANA,-2.51582,-44.221159,locais de votação,391,391
77,MA,SANTA INÊS,CENTRO - ZONA URBANA,-3.686014,-45.250035,locais de votação,111,111
78,MA,BOM JARDIM,ALTO DOS PRAXEDES - ZONA URBANA,-3.548181,-45.892433,locais de votação,190,189
79,MA,TUNTUM,RESIDENCIAL ANA ISABEL,-5.359882,-44.64264,locais de votação,139,139
80,MA,SANTA LUZIA DO PARUÁ,CENTRO - ZONA URBANA,-2.548911,-45.775546,locais de votação,169,169
81,MA,MATÕES,CENTRO - ZONA URBANA,-5.514148,-43.210159,locais de votação,112,112
82,MA,ESTREITO,CENTRO - ZONA URBANA,-6.560717,-47.443089,locais de votação,92,92
83,MA,SANTA HELENA,BAIXINHA - ZONA URBANA,-2.229841,-45.30463,locais de votação,187,187
84,MA,SÃO MATEUS DO MARANHÃO,CENTRO - ZONA URBANA,-4.025425,-44.468014,locais de votação,161,161
86,MA,MATINHA,CENTRO - ZONA URBANA,-3.099387,-45.031619,locais de votação,106,106
87,MA,OLHO D'ÁGUA DAS CUNHÃS,CENTRO ZONA URBANA,-3.938649,-45.163966,locais de votação,202,202
89,MA,SÃO LUÍS,COHAMA - ZONA URBANA,-2.583107,-44.203478,locais de votação,354,336
92,MA,IMPERATRIZ,BOM JESUS - ZONA URBANA,-5.190214,-48.134579,locais de votação,88,88
93,MA,PAÇO DO LUMIAR,MAIOBAO - ZONA URBANA,-2.505227,-44.124066,centroide dos municípios,360,0
95,MA,BURITICUPU,CENTRO - ZONA URBANA,-4.324442,-46.460578,locais de votação,265,265
96,MA,ZÉ DOCA,VILA GUSMÃO-ZONA URBANA,-3.276142,-45.662022,locais de votação,232,232
97,MA,BARRA DO CORDA,INCRA ZONA URBANA,-5.494055,-45.513614,locais de votação,95,95
98,MA,AÇAILÂNDIA,RESIDENCIAL TROPICAL - ZONA URBANA,-5.010806,-47.530724,locais de votação,148,148
99,MA,AMARANTE DO MARANHÃO,CENTRO - ZONA URBANA,-5.57019,-46.743883,locais de votação,152,152
100,MA,MARACAÇUMÉ,CENTRO-ZONA URBANA,-2.047017,-46.1209,locais de votação,166,166
101,MA,GOVERNADOR NUNES FREIRE,CENTRO ZONA URBANA,-2.1436,-45.89096,locais de votação,135,135
102,MA,PAULO RAMOS,CENTRO - ZONA URBANA,-4.453951,-45.246377,locais de votação,82,82
103,MA,MONTES ALTOS,CENTRO - ZONA URBANA,-5.800982,-47.365513,locais de votação,94,94
104,MA,ARAME,CENTRO ZONA URBANA,-4.89408,-46.011918,locais de votação,89,89
105,MA,BALSAS,POTOSI - ZONA URBANA,-6.955437,-46.190199,locais de votação,100,100
106,MA,PINHEIRO,CENTRO-ZONA URBANA,-2.815491,-45.349374,locais de votação,149,147
107,MA,BACURI,CENTRO - ZONA URBANA,-1.672036,-45.082896,locais de votação,169,169
108,MA,GOVERNADOR EUGÊNIO BARROS,CENTRO,-5.320749,-44.29721,locais de votação,147,147
109,MA,ITAPECURU MIRIM,CENTRO - ZONA URBANA,-3.367263,-44.585398,locais de votação,158,158
110,MA,MORROS,CENTRO - ZONA URBANA,-2.923823,-44.04083,locais de votação,136,136
111,MA,BEQUIMÃO,CIDADE NOVA ZONA URBANA,-2.532207,-44.789825,locais de votação,106,106
1,MG,ABAETÉ,CENTRO,-18.898693,-45.448107,locais de votação,126,58
2,MG,ABRE CAMPO,CENTRO,-20.300838,-42.338602,locais de votação,164,164
3,MG,AÇUCENA,CENTRO,-19.073126,-42.482503,locais de votação,75,74
4,MG,ÁGUAS FORMOSAS,CENTRO,-17.237087,-40.91041,locais de votação,147,4
5,MG,AIMORÉS,CENTRO,-19.498361,-41.082095,locais de votação,73,73
6,MG,AIURUOCA,CENTRO,-21.999082,-44.462136,locais de votação,80,73
7,MG,ALÉM PARAÍBA,SAO JOSE,-21.867994,-42.676114,locais de votação,194,194
8,MG,ALFENAS,CENTRO,-21.425552,-45.948445,locais de votação,252,252
9,MG,ALMENARA,CENTRO,-16.173868,-40.693496,locais de votação,193,179
10,MG,ALPINÓPOLIS,ROSÁRIO,-20.857338,-46.38772,locais de votação,88,64
11,MG,ALTO RIO DOCE,CENTRO,-20.908683,-43.413372,locais de votação,76,76
12,MG,ALVINÓPOLIS,CENTRO,-20.108652,-43.056767,locais de votação,73,69
13,MG,ANDRADAS,CENTRO,-22.07693,-46.58014,locais de votação,170,168
14,MG,ANDRELÂNDIA,ROSÁRIO,-21.738745,-44.312022,locais de votação,73,72
15,MG,ARAÇUAÍ,SANTA TEREZA,-16.848679,-42.061366,locais de votação,252,251
16,MG,ARAGUARI,CENTRO,-18.649402,-48.191111,locais de votação,313,313
17,MG,ARAXÁ,GUILHERMINA VIEIRA CHAER,-19.592172,-46.939308,locais de votação,250,250
18,MG,ARCOS,CENTRO,-20.2846,-45.542084,locais de votação,153,153
19,MG,AREADO,CENTRO,-21.258335,-46.142622,locais de votação,78,78
21,MG,BAMBUÍ,CENTRO,-20.014163,-45.978073,locais de votação,82,69
22,MG,BARÃO DE COCAIS,VIÚVA,-19.9313,-43.476771,locais de votação,128,128
23,MG,BARBACENA,CENTRO,-21.217586,-43.768766,locais de votação,347,317
24,MG,BARBACENA,CENTRO,-21.43342,-43.772366,locais de votação,91,90
25,MG,BARBACENA,CENTRO,-21.143029,-43.582228,locais de votação,104,104
26,MG,BELO HORIZONTE,LOURDES,-19.906014,-43.925533,locais de votação,237,223
27,MG,BELO HORIZONTE,LOURDES,-19.866787,-43.914122,locais de votação,225,225
28,MG,BELO HORIZONTE,LOURDES,-19.90555,-43.897182,locais de votação,261,261
29,MG,BELO HORIZONTE,LOURDES,-19.915304,-44.005588,locais de votação,234,234
30,MG,BELO HORIZONTE,LOURDES,-19.905928,-43.963531,locais de votação,281,197
31,MG,BELO HORIZONTE,LOURDES,-19.875086,-43.999504,locais de votação,298,289
32,MG,BELO HORIZONTE,LOURDES,-19.874232,-43.944499,locais de votação,263,263
33,MG,BELO HORIZONTE,LOURDES,-19.926087,-43.944163,locais de votação,278,267
34,MG,BELO HORIZONTE,LOURDES,-19.947211,-43.947877,locais de votação,293,281
35,MG,BELO HORIZONTE,LOURDES,-19.93845,-43.9186,locais de votação,286,286
36,MG,BELO HORIZONTE,BARREIRO DE BAIXO,-19.982029,-44.027316,locais de votação,237,224
37,MG,BELO HORIZONTE,LOURDES,-19.949872,-44.000022,locais de votação,241,232
38,MG,BELO HORIZONTE,MANTIQUEIRA (VENDA NOVA),-19.805361,-43.957801,locais de votação,261,154
39,MG,BELO HORIZONTE,LOURDES,-19.832525,-43.935782,locais de votação,284,284
41,MG,IGARAPÉ,CIDADE JARDIM,-20.067391,-44.30087,locais de votação,153,93
42,MG,BICAS,CENTRO,-21.731506,-43.104797,centroide dos municípios,94,0
43,MG,BOA ESPERANÇA,CENTRO,-21.093278,-45.561206,locais de votação,86,86
44,MG,BOCAIÚVA,CENTRO,-17.120352,-43.813064,locais de votação,191,191
45,MG,BOM DESPACHO,CENTRO,-19.736019,-45.256425,locais de votação,184,182
46,MG,BOM SUCESSO,SÃO JOSÉ,-21.002648,-44.762589,locais de votação,111,100
47,MG,BONFIM,CENTRO,-20.395761,-44.30806,locais de votação,71,37
50,MG,BRASÍLIA DE MINAS,CENTRO,-16.213169,-44.431236,locais de votação,227,189
51,MG,BRAZÓPOLIS,AVENIDA,-22.471854,-45.559934,locais de votação,90,90
52,MG,BRUMADINHO,CENTRO,-20.143874,-44.201766,locais de votação,100,61
54,MG,BUENÓPOLIS,CENTRO,-17.873722,-44.176072,locais de votação,67,64
55,MG,BOTELHOS,CENTRO,-21.510513,-46.394933,locais de votação,83,83
56,MG,CAETÉ,JOSE BRANDAO,-19.882064,-43.667925,locais de votação,141,104
58,MG,CAMANDUCAIA,CENTRO,-22.748358,-46.135472,locais de votação,72,72
59,MG,CAMBUÍ,JARDIM SÃO BENEDITO,-22.61179,-46.061351,locais de votação,123,123
61,MG,CAMPANHA,CENTRO,-21.838419,-45.400051,locais de votação,86,86
63,MG,JAÍBA,CENTRO COMUNITARIO,-15.322302,-43.673029,locais de votação,97,87
64,MG,CAMPO BELO,CENTRO,-20.893733,-45.277401,locais de votação,160,160
65,MG,CAMPOS GERAIS,CENTRO,-21.237966,-45.765732,locais de votação,87,64
67,MG,CAPELINHA,CENTRO,-17.698651,-42.5152,locais de votação,163,122
68,MG,CARANDAÍ,GARÇAS II,-20.950515,-43.800267,locais de votação,98,89
69,MG,CARANGOLA,CENTRO,-20.731885,-42.03573,locais de votação,141,139
70,MG,DIVINO,CENTRO,-20.603111,-42.143722,locais de votação,84,84
71,MG,CARATINGA,CENTRO,-19.789316,-42.131441,locais de votação,248,247
72,MG,CARATINGA,CENTRO,-19.781394,-42.228475,locais de votação,250,153
73,MG,CARLOS CHAGAS,CENTRO,-17.702681,-40.764869,locais de votação,67,64
76,MG,CARMO DO PARANAÍBA,ROSARIO,-18.999885,-46.315706,locais de votação,95,95
77,MG,CARMO DO RIO CLARO,JARDIM AMÉRICA,-20.975853,-46.124355,locais de votação,79,79
78,MG,CÁSSIA,CENTRO,-20.582035,-46.918249,locais de votação,59,59
79,MG,CATAGUASES,CENTRO,-21.382602,-42.697337,locais de votação,264,264
80,MG,CAXAMBU,CENTRO,-21.973138,-44.935873,locais de votação,137,96
81,MG,CLÁUDIO,CENTRO,-20.43767,-44.763847,locais de votação,117,116
82,MG,CONCEIÇÃO DAS ALAGOAS,CENTRO,-19.920742,-48.383206,locais de votação,73,73
83,MG,CONCEIÇÃO DO MATO DENTRO,BANDEIRINHA,-19.034713,-43.424683,locais de votação,142,140
85,MG,CONGONHAS,CENTRO,-20.503768,-43.858189,locais de votação,121,121
87,MG,CONSELHEIRO LAFAIETE,CAMPO ALEGRE,-20.664804,-43.786118,locais de votação,367,343
88,MG,CONSELHEIRO LAFAIETE,CAMPO ALEGRE,-20.531275,-43.703208,locais de votação,150,150
89,MG,CONSELHEIRO PENA,ESTACAO VELHA,-19.175231,-41.474095,locais de votação,114,111
90,MG,CONTAGEM,CENTRO,-19.904184,-44.081744,locais de votação,305,305
91,MG,CONTAGEM,CENTRO,-19.961646,-44.038175,locais de votação,386,386
93,MG,CONTAGEM,ELDORADO,-19.934529,-44.074714,locais de votação,373,361
94,MG,CORAÇÃO DE JESUS,CENTRO,-16.687262,-44.365356,locais de votação,154,154
95,MG,CORINTO,CENTRO,-18.364891,-44.455303,locais de votação,90,81
96,MG,COROMANDEL,CENTRO,-18.478615,-47.197149,locais de votação,100,100
97,MG,CORONEL FABRICIANO,CENTRO,-19.508257,-42.62487,locais de votação,290,262
98,MG,TIMÓTEO,VILA DOS TÉCNICOS,-19.55316,-42.648999,locais de votação,201,145
99,MG,CRISTINA,CENTRO,-22.246778,-45.376737,locais de votação,114,114
100,MG,CURVELO,CENTRO,-18.755763,-44.430864,locais de votação,299,299
101,MG,DIAMANTINA,CENTRO,-18.242009,-43.599992,locais de votação,211,211
102,MG,DIVINÓPOLIS,CENTRO,-20.142633,-44.900013,locais de votação,288,288
103,MG,DIVINÓPOLIS,CENTRO,-20.148867,-44.872916,locais de votação,248,247
104,MG,DORES DO INDAIÁ,CENTRO,-19.462806,-45.602764,locais de votação,84,84
106,MG,ENTRE RIOS DE MINAS,JARDIM PRIMAVERA,-20.661885,-44.066172,locais de votação,85,83
107,MG,ERVÁLIA,CENTRO,-20.84263,-42.654935,locais de votação,110,60
108,MG,ESMERALDAS,CENTRO,-19.771092,-44.188724,locais de votação,153,153
109,MG,ESPINOSA,CENTRO,-14.928653,-42.812124,locais de votação,164,164
110,MG,ESTRELA DO SUL,BAIRRO BARRO BRANCO,-18.742186,-47.688431,locais de votação,68,68
111,MG,EUGENÓPOLIS,CENTRO,-21.098416,-42.177693,locais de votação,93,93
112,MG,EXTREMA,CENTRO,-22.856579,-46.320866,locais de votação,141,110
113,MG,FERROS,PADRE ALBERTO,-19.292688,-43.11408,locais de votação,86,86
114,MG,FORMIGA,CENTRO,-20.464729,-45.431949,locais de votação,218,218
115,MG,FRANCISCO SÁ,CENTRO,-16.429826,-43.499257,locais de votação,134,118
116,MG,FRUTAL,CENTRO,-20.032311,-48.932918,locais de votação,173,173
117,MG,GALILÉIA,CENTRO,-18.73174,-41.486783,locais de votação,87,73
118,MG,GOVERNADOR VALADARES,CENTRO,-18.857092,-41.944838,locais de votação,204,204
119,MG,GOVERNADOR VALADARES,CENTRO,-18.875783,-41.976479,locais de votação,299,299
120,MG,GRÃO MOGOL,CENTRO,-16.56327,-42.895362,locais de votação,93,75
121,MG,GUANHÃES,CENTRO,-18.778715,-42.93438,locais de votação,121,118
122,MG,GUAPÉ,CENTRO,-20.830873,-45.829555,locais de votação,66,65
125,MG,GUAXUPÉ,CENTRO,-21.307721,-46.713506,locais de votação,167,166
126,MG,IBIÁ,SANTA CRUZ,-19.487591,-46.544315,locais de votação,63,63
127,MG,IBIRACI,CENTRO,-20.466922,-47.123491,locais de votação,59,57
128,MG,INHAPIM,CENTRO,-19.339834,-42.159528,locais de votação,162,8
129,MG,IPANEMA,CENTRO,-19.800525,-41.709134,locais de votação,112,108
130,MG,IPATINGA,CENTRO,-19.470809,-42.56095,locais de votação,266,266
131,MG,IPATINGA,CENTRO,-19.448454,-42.554979,locais de votação,208,208
132,MG,ITABIRA,PARÁ,-19.629921,-43.223628,locais de votação,296,230
133,MG,ITABIRITO,BELA VISTA,-20.25415,-43.803756,locais de votação,136,134
134,MG,ITAJUBÁ,CENTRO,-22.429969,-45.45417,locais de votação,272,255
135,MG,ITAMARANDIBA,CENTRO,-17.863183,-42.863778,locais de votação,162,162
136,MG,ITAMBACURI,CENTRO,-18.041514,-41.682648,locais de votação,137,133
137,MG,ITANHANDU,CENTRO,-22.333517,-44.965643,locais de votação,94,94
138,MG,ITANHOMI,CENTRO,-19.16701,-41.858068,locais de votação,67,59
139,MG,ITAPECERICA,OLIVEIRA MORAES,-20.470463,-45.121136,locais de votação,99,99
140,MG,ITAÚNA,CENTRO,-20.082768,-44.576711,locais de votação,262,262
141,MG,ITUIUTABA,CENTRO,-18.977606,-49.463006,locais de votação,298,281
142,MG,ITURAMA,CENTRO,-19.72965,-50.197187,locais de votação,141,141
143,MG,JABOTICATUBAS,CENTRO,-19.448469,-43.746886,locais de votação,73,73
144,MG,JACINTO,CENTRO,-16.149151,-40.181313,locais de votação,122,118
147,MG,JANAÚBA,CENTRO,-15.802866,-43.307823,locais de votação,246,246
148,MG,JANUÁRIA,CENTRO,-15.482137,-44.36532,locais de votação,366,188
149,MG,JEQUITINHONHA,CENTRO,-16.64273,-41.013623,locais de votação,150,110
150,MG,JOÃO MONLEVADE,CARNEIRINHOS,-19.817329,-43.175524,locais de votação,266,226
151,MG,JOÃO PINHEIRO,CENTRO,-17.741165,-46.1714,locais de votação,166,164
152,MG,JUIZ DE FORA,CENTRO,-21.765637,-43.355597,locais de votação,344,340
153,MG,JUIZ DE FORA,CENTRO,-21.721016,-43.405541,locais de votação,316,313
156,MG,LAGOA DA PRATA,CENTRO,-20.024642,-45.536971,locais de votação,112,112
157,MG,LAGOA SANTA,LUNDCEIA,-19.633875,-43.899117,locais de votação,174,165
158,MG,LAJINHA,CENTRO,-20.15005,-41.622257,locais de votação,78,78
159,MG,LAMBARI,CERÂMICA,-21.998372,-45.347439,locais de votação,110,109
160,MG,LAVRAS,JARDIM BELA VISTA,-21.245738,-44.997915,locais de votação,225,224
161,MG,LEOPOLDINA,CENTRO,-21.529924,-42.642518,locais de votação,153,151
162,MG,LIMA DUARTE,CENTRO,-21.842779,-43.795591,locais de votação,88,88
163,MG,LUZ,CENTRO,-19.797814,-45.683913,locais de votação,66,58
164,MG,MACHADO,CENTRO,-21.690657,-45.925847,locais de votação,165,165
165,MG,MALACACHETA,CENTRO,-17.847396,-42.078195,locais de votação,105,55
166,MG,MANGA,CENTRO,-14.75933,-44.087724,locais de votação,119,118
167,MG,MANHUAÇU,CENTRO,-20.245813,-42.034778,locais de votação,303,283
168,MG,MANHUMIRIM,CIDADE JARDIM,-20.351892,-41.948547,locais de votação,161,161
169,MG,MANTENA,CENTRO,-18.763019,-41.121028,locais de votação,193,174
170,MG,MAR DE ESPANHA,CENTRO,-21.866437,-43.008109,locais de votação,86,66
171,MG,MARIANA,CENTRO,-20.375311,-43.416337,locais de votação,173,173
172,MG,MATEUS LEME,CENTRO - MATEUS LEME,-19.97513,-44.413134,locais de votação,183,130
173,MG,MATIAS BARBOSA,CENTRO,-21.878273,-43.316829,locais de votação,80,80
174,MG,MATOZINHOS,CENTRO,-19.548242,-44.086802,locais de votação,143,143
175,MG,MEDINA,CENTRO,-16.425979,-41.499724,locais de votação,191,190
176,MG,MESQUITA,CENTRO,-19.224273,-42.490926,locais de votação,129,119
177,MG,MINAS NOVAS,BAIRRO CENTRO,-17.088198,-42.465088,locais de votação,216,211
179,MG,MONTE ALEGRE DE MINAS,CENTRO,-18.870434,-48.882957,locais de votação,74,44
180,MG,MONTE AZUL,ESPLANADA,-15.171856,-42.873602,locais de votação,133,129
181,MG,MONTE CARMELO,CENTRO,-18.726778,-47.497637,locais de votação,114,100
182,MG,MONTE SANTO DE MINAS,CENTRO,-21.194026,-46.978138,locais de votação,69,50
183,MG,MONTE SIÃO,JARDIM NOVO HORIZONTE,-22.420283,-46.519319,centroide dos municípios,78,0
184,MG,MONTES CLAROS,CENTRO,-16.756597,-43.86113,locais de votação,360,357
185,MG,MONTES CLAROS,CENTRO,-16.70653,-43.876444,locais de votação,336,336
187,MG,MURIAÉ,CENTRO,-21.132475,-42.379025,locais de votação,372,273
188,MG,MUTUM,CENTRO,-19.822552,-41.436505,locais de votação,70,70
189,MG,MUZAMBINHO,CENTRO,-21.367631,-46.522942,locais de votação,74,74
190,MG,NANUQUE,CENTRO,-17.840128,-40.344836,locais de votação,150,150
192,MG,NEPOMUCENO,CENTRO,-21.23321,-45.237262,locais de votação,90,90
193,MG,NOVA ERA,CASTELO,-19.771295,-43.034993,locais de votação,94,90
194,MG,NOVA LIMA,CENTRO,-19.991923,-43.850081,locais de votação,295,293
195,MG,NOVA RESENDE,CENTRO,-21.131872,-46.417453,locais de votação,81,78
196,MG,NOVO CRUZEIRO,CENTRO,-17.401366,-41.830242,locais de votação,189,178
197,MG,OLIVEIRA,CENTRO,-20.698532,-44.829367,locais de votação,169,166
199,MG,OURO FINO,CENTRO,-22.286227,-46.373678,locais de votação,100,74
200,MG,OURO PRETO,CENTRO,-20.385395,-43.509538,locais de votação,209,195
201,MG,PALMA,CENTRO,-21.372706,-42.435362,locais de votação,93,89
202,MG,PARÁ DE MINAS,CENTRO,-19.862958,-44.6049,locais de votação,266,265
203,MG,PARACATU,CENTRO,-17.22363,-46.874654,locais de votação,186,186
205,MG,PARAISÓPOLIS,CENTRO,-22.571479,-45.816963,centroide dos municípios,87,0
206,MG,PARAOPEBA,JARDIM CLARA NUNES,-19.276329,-44.402298,locais de votação,126,126
208,MG,PASSA TEMPO,CENTRO,-20.541867,-44.622628,locais de votação,106,101
209,MG,PASSOS,JARDIM CONTINENTAL,-20.720481,-46.607502,locais de votação,297,297
210,MG,PATOS DE MINAS,CENTRO,-18.582794,-46.508779,locais de votação,250,248
211,MG,PATROCÍNIO,CENTRO,-18.941658,-46.989382,locais de votação,285,285
212,MG,PEÇANHA,CENTRO,-18.620008,-42.283703,locais de votação,128,41
213,MG,PEDRA AZUL,CENTRO,-15.997066,-41.286699,locais de votação,158,71
215,MG,PEDRO LEOPOLDO,CENTRO,-19.621902,-44.035715,locais de votação,191,191
216,MG,PERDÕES,CENTRO,-21.096961,-45.08964,locais de votação,81,78
217,MG,PIRANGA,CENTRO,-20.682341,-43.25846,locais de votação,122,116
218,MG,PIRAPORA,CENTRO,-17.344654,-44.943082,locais de votação,221,217
219,MG,PITANGUI,CENTRO,-19.67899,-44.888164,locais de votação,146,139
220,MG,PIUMHI,CENTRO,-20.471468,-45.964643,locais de votação,136,136
222,MG,POÇOS DE CALDAS,CENTRO,-21.782415,-46.569632,locais de votação,276,238
223,MG,POMPÉU,CENTRO,-19.221496,-44.99885,locais de votação,68,32
224,MG,PONTE NOVA,PALMEIRAS,-20.411074,-42.896768,locais de votação,174,174
225,MG,PONTE NOVA,PALMEIRAS,-20.362458,-43.022337,locais de votação,98,98
226,MG,PORTEIRINHA,VILA KENNEDY,-15.740502,-43.033994,locais de votação,204,201
227,MG,POUSO ALEGRE,RESIDENCIAL SANTA RITA,-22.233948,-45.937463,locais de votação,441,438
228,MG,PRADOS,BUGANVILIAS,-21.109554,-44.020919,locais de votação,142,139
229,MG,PRATA,ESPERANÇA,-19.309605,-48.92721,locais de votação,139,139
230,MG,PRESIDENTE OLEGÁRIO,CENTRO,-18.414875,-46.418327,locais de votação,97,48
231,MG,RAUL SOARES,CENTRO,-20.100614,-42.447188,locais de votação,81,81
232,MG,RESENDE COSTA,CENTRO,-20.924066,-44.320278,locais de votação,100,100
233,MG,RESPLENDOR,CENTRO,-19.329382,-41.254768,locais de votação,100,99
234,MG,RIO CASCA,CENTRO,-20.225435,-42.627602,locais de votação,72,72
235,MG,RIO NOVO,CENTRO,-21.475774,-43.126911,locais de votação,93,93
237,MG,RIO PARDO DE MINAS,CENTRO,-15.363947,-42.310378,locais de votação,261,243
239,MG,RIO POMBA,CENTRO,-21.271016,-43.18164,locais de votação,128,128
240,MG,RIO PRETO,CENTRO,-22.088538,-44.094748,locais de votação,81,81
241,MG,SABARÁ,CENTRO,-19.885489,-43.856001,locais de votação,297,252
242,MG,SABINÓPOLIS,CENTRO,-18.54407,-43.062315,locais de votação,84,77
243,MG,SACRAMENTO,CENTRO,-19.868775,-47.442471,locais de votação,62,61
244,MG,SALINAS,CENTRO,-16.166792,-42.293414,locais de votação,240,227
245,MG,SANTA BÁRBARA,CENTRO,-19.969808,-43.410006,locais de votação,96,76
246,MG,SANTA LUZIA,CAMELOS,-19.771372,-43.856356,locais de votação,188,160
247,MG,SANTA MARIA DO SUAÇUÍ,CENTRO,-18.190835,-42.420627,locais de votação,123,105
248,MG,SANTA RITA DO SAPUCAÍ,CENTRO,-22.247121,-45.704807,locais de votação,129,84
249,MG,SANTO ANTÔNIO DO MONTE,CENTRO,-20.091054,-45.289802,locais de votação,93,93
250,MG,SANTOS DUMONT,CENTRO,-21.4566,-43.55102,locais de votação,186,186
251,MG,SÃO DOMINGOS DO PRATA,CENTRO,-19.866898,-42.966902,locais de votação,93,56
252,MG,SÃO FRANCISCO,CENTRO,-15.961121,-44.859549,locais de votação,189,188
253,MG,SÃO GONÇALO DO SAPUCAÍ,CENTRO,-21.893028,-45.601764,locais de votação,100,99
254,MG,SÃO GOTARDO,CENTRO,-19.307501,-46.050493,locais de votação,178,178
255,MG,SÃO JOÃO DA PONTE,CENTRO,-15.767044,-44.009253,locais de votação,182,117
257,MG,SÃO JOÃO EVANGELISTA,CENTRO,-18.535055,-42.766493,locais de votação,82,82
258,MG,SÃO JOÃO NEPOMUCENO,CENTRO,-21.536118,-43.010845,locais de votação,90,81
259,MG,SÃO LOURENÇO,CENTRO,-22.119869,-45.053885,locais de votação,169,169
260,MG,SÃO SEBASTIÃO DO PARAÍSO,CENTRO,-20.917786,-46.985133,locais de votação,207,195
261,MG,SENADOR FIRMINO,CENTRO,-20.919928,-43.097797,locais de votação,71,71
262,MG,SERRO,CENTRO,-18.604277,-43.392173,locais de votação,117,103
263,MG,SETE LAGOAS,CANAAN,-19.445598,-44.246504,locais de votação,181,181
264,MG,SETE LAGOAS,CANAAN,-19.428293,-44.217846,locais de votação,304,303
266,MG,TAIOBEIRAS,CENTRO,-15.806613,-42.225746,locais de votação,140,99
267,MG,TARUMIRIM,CENTRO,-19.240839,-42.047488,locais de votação,128,127
268,MG,TEIXEIRAS,CENTRO,-20.651622,-42.821829,locais de votação,105,101
269,MG,TEÓFILO OTONI,CENTRO,-17.714476,-41.383604,centroide dos municípios,415,0
270,MG,TEÓFILO OTONI,CENTRO,-17.816631,-41.695951,locais de votação,184,101
272,MG,TRÊS CORAÇÕES,CENTRO,-21.694799,-45.255183,locais de votação,202,202
273,MG,TRÊS PONTAS,CENTRO,-21.367061,-45.5119,locais de votação,168,163
274,MG,TUPACIGUARA,CENTRO,-18.597808,-48.700926,locais de votação,73,73
275,MG,UBÁ,CENTRO,-21.121527,-42.943498,locais de votação,340,340
276,MG,UBERABA,ESTADOS UNIDOS,-19.580733,-47.97728,centroide dos municípios,296,0
278,MG,UBERLÂNDIA,OSVALDO REZENDE,-18.932472,-48.322251,locais de votação,432,432
279,MG,UBERLÂNDIA,OSVALDO REZENDE,-18.93838,-48.256843,locais de votação,428,428
280,MG,UNAÍ,CENTRO,-16.360215,-46.899204,locais de votação,217,211
281,MG,VARGINHA,VILA PINTO,-21.561774,-45.441103,locais de votação,389,337
282,MG,VIÇOSA,CENTRO,-20.762166,-42.881677,locais de votação,249,109
283,MG,VIRGINÓPOLIS,CENTRO,-18.81781,-42.615521,locais de votação,98,98
284,MG,VISCONDE DO RIO BRANCO,CENTRO,-21.009519,-42.836121,locais de votação,172,172
285,MG,SÃO ROMÃO,CENTRO,-16.058168,-45.146599,locais de votação,70,18
286,MG,RIBEIRÃO DAS NEVES,TÂNIA,-19.768607,-44.086914,locais de votação,320,320
287,MG,CARMO DO CAJURU,SÃO LUIZ,-20.182948,-44.762073,locais de votação,81,81
288,MG,IBIRITÉ,CENTRAL PARK,-20.031405,-44.092057,locais de votação,254,252
291,MG,PERDIZES,CENTRO,-19.347924,-47.294925,locais de votação,63,63
293,MG,PRATÁPOLIS,CENTRO,-20.744647,-46.755686,locais de votação,73,73
294,MG,RIO VERMELHO,CENTRO,-18.254649,-43.055045,centroide dos municípios,67,0
295,MG,VAZANTE,INDEPENDENCIA,-17.987864,-46.908888,locais de votação,77,77
296,MG,CANDEIAS,CENTRO,-20.773462,-45.270803,locais de votação,76,75
297,MG,ITAPAGIPE,CENTRO,-19.897436,-49.370072,locais de votação,62,62
298,MG,NOVA SERRANA,CENTRO,-19.877757,-44.985181,locais de votação,210,209
299,MG,UBERLÂNDIA,OSVALDO REZENDE,-18.889832,-48.276059,locais de votação,285,285
300,MG,CACHOEIRA DE MINAS,CENTRO,-22.412615,-45.813137,locais de votação,100,73
302,MG,CAPINÓPOLIS,CENTRO,-18.684956,-49.205327,locais de votação,118,118
303,MG,ESPERA FELIZ,CENTRO,-20.651118,-41.909743,locais de votação,106,71
306,MG,ITAMONTE,CENTRO,-22.269127,-44.865565,locais de votação,77,77
308,MG,SANTA VITÓRIA,CENTRO,-18.846844,-50.125945,locais de votação,63,41
309,MG,TRÊS MARIAS,PARQUE DIADORIM,-18.208497,-45.226917,locais de votação,88,88
310,MG,VÁRZEA DA PALMA,PINLAR,-17.59281,-44.728922,locais de votação,126,126
311,MG,VESPASIANO,CENTRO,-19.712255,-43.95141,locais de votação,318,202
312,MG,SANTA LUZIA,SÃO BENEDITO,-19.783301,-43.931863,locais de votação,283,283
313,MG,CONTAGEM,CENTRO,-19.883358,-44.029808,locais de votação,337,337
314,MG,UBERLÂNDIA,OSVALDO REZENDE,-18.908427,-48.240161,locais de votação,304,304
315,MG,JUIZ DE FORA,CENTRO,-21.749138,-43.336972,locais de votação,308,308
316,MG,BETIM,CENTRO,-19.941706,-44.163387,locais de votação,524,524
317,MG,MONTES CLAROS,CENTRO,-16.716713,-43.840713,locais de votação,366,366
318,MG,GOVERNADOR VALADARES,CENTRO,-18.86133,-41.95332,locais de votação,265,265
319,MG,BETIM,CENTRO,-19.970217,-44.173659,locais de votação,431,431
320,MG,ARINOS,CENTRO,-15.91431,-45.74288,locais de votação,120,120
321,MG,RIBEIRÃO DAS NEVES,SAO JANUARIO (JUSTINOPOLIS),-19.800138,-44.013629,locais de votação,296,296
322,MG,SETE LAGOAS,CANAAN,-19.473668,-44.245548,locais de votação,208,204
324,MG,BURITIS,CENTRO,-15.622562,-46.421908,locais de votação,93,93
326,MG,UBERABA,ESTADOS UNIDOS,-19.747436,-47.957465,locais de votação,292,292
327,MG,CAMPOS ALTOS,CENTRO,-19.693904,-46.169283,locais de votação,54,40
328,MG,SÃO JOÃO DEL REI,FABRICAS,-21.128979,-44.251022,locais de votação,321,262
329,MG,BONFINÓPOLIS DE MINAS,CENTRO,-16.50944,-45.99945,locais de votação,69,66
330,MG,PATOS DE MINAS,CENTRO,-18.597175,-46.507746,centroide dos municípios,249,0
331,MG,BELO HORIZONTE,LOURDES,-19.848755,-43.908107,locais de votação,242,242
332,MG,BELO HORIZONTE,LOURDES,-19.950851,-43.969638,locais de votação,265,265
333,MG,BELO HORIZONTE,BARREIRO,-19.999491,-44.007673,locais de votação,309,309
334,MG,BELO HORIZONTE,MANTIQUEIRA (VENDA NOVA),-19.820437,-43.982761,locais de votação,303,291
335,MG,UBERLÂNDIA,OSVALDO REZENDE,-18.905609,-48.301842,locais de votação,252,250
336,MG,TURMALINA,CAMPO,-17.28772,-42.73263,locais de votação,101,101
338,MG,BELO VALE,CENTRO,-20.42823,-44.025715,locais de votação,73,73
339,MG,JEQUERI,CENTRO,-20.474159,-42.619624,centroide dos municípios,98,0
340,MG,NOVA PONTE,GRANDE LAGO,-19.169599,-47.668256,locais de votação,62,53
342,MG,MONTALVÂNIA,CENTRO,-14.42405,-44.373203,locais de votação,79,63
343,MG,ITUMIRIM,CENTRO,-21.402927,-44.872189,locais de votação,77,77
345,MG,SANTA RITA DE CALDAS,CENTRO,-22.026601,-46.340008,locais de votação,93,76
346,MG,CRUZÍLIA,JARDIM IMPERIAL,-21.832036,-44.807472,locais de votação,84,84
347,MG,UBERABA,ESTADOS UNIDOS,-19.768082,-47.935619,locais de votação,327,311
348,MG,IPATINGA,CENTRO,-19.467243,-42.529334,locais de votação,201,191
349,MG,JUIZ DE FORA,CENTRO,-21.780621,-43.349116,locais de votação,351,294
350,MG,POÇOS DE CALDAS,CENTRO,-21.79652,-46.556328,locais de votação,232,231
351,MG,IBIRITÉ,CENTRAL PARK,-19.99573,-44.065767,locais de votação,199,199
1,MS,AMAMBAI,CENTRO,-23.111708,-55.23252,locais de votação,125,125
2,MS,NAVIRAÍ,CENTRO,-23.062095,-54.20321,locais de votação,134,134
3,MS,CASSILÂNDIA,VILA IZANÓPOLIS,-19.117964,-51.73816,locais de votação,55,55
4,MS,FÁTIMA DO SUL,JARDIM PRIMAVERA,-22.389577,-54.504343,locais de votação,100,100
5,MS,NOVA ANDRADINA,CENTRO,-22.251475,-53.34407,locais de votação,163,163
6,MS,BATAGUASSU,CENTRO,-21.71782,-52.42508,locais de votação,89,89
7,MS,CORUMBÁ,NOSSA SENHORA DE FÁTIMA,-19.019865,-57.655155,locais de votação,189,189
8,MS,CAMPO GRANDE,PARQUE DOS PODERES,-20.490149,-54.579663,locais de votação,413,413
9,MS,TRÊS LAGOAS,BAIRRO CENTRO,-20.779067,-51.69823,locais de votação,163,151
10,MS,AQUIDAUANA,CIDADE NOVA,-20.463215,-55.783954,locais de votação,147,147
11,MS,RIO BRILHANTE,VILA MARIA,-21.791647,-54.537278,locais de votação,135,135
12,MS,COXIM,JARDIM AEROPORTO,-18.503288,-54.747206,locais de votação,102,102
13,MS,PARANAÍBA,JARDIM SANTA MÔNICA,-19.68101,-51.18942,locais de votação,107,107
14,MS,CAMAPUÃ,VILA DIAMANTINA,-19.531183,-54.04211,locais de votação,59,59
15,MS,MIRANDA,CENTRO,-20.248183,-56.38217,locais de votação,102,102
16,MS,MARACAJU,CENTRO,-21.617255,-55.165421,locais de votação,109,109
17,MS,BELA VISTA,CENTRO,-22.105283,-56.53272,locais de votação,81,66
18,MS,DOURADOS,JARDIM LONDRINA,-22.239139,-54.801194,locais de votação,329,322
19,MS,PONTA PORÃ,JARDIM IPANEMA,-22.619382,-55.627183,locais de votação,174,151
20,MS,PORTO MURTINHO,CENTRO,-21.702589,-57.885127,locais de votação,31,31
21,MS,RIO VERDE DE MATO GROSSO,NHECOLÂNDIA,-18.918916,-54.844958,locais de votação,59,59
22,MS,JARDIM,CENTRO,-21.477535,-56.143891,locais de votação,103,103
23,MS,ÁGUA CLARA,CENTRO,-20.439297,-52.877113,locais de votação,59,59
24,MS,APARECIDA DO TABOADO,JARDIM BRANDINI II,-20.082577,-51.099975,locais de votação,60,60
25,MS,ELDORADO,JARDIM DAS GREVÍLEAS,-23.664336,-54.282902,locais de votação,124,124
26,MS,SONORA,CENTRO,-17.58705,-54.756685,locais de votação,62,62
27,MS,IVINHEMA,GUIRAY,-22.303912,-53.82441,locais de votação,110,110
28,MS,CAARAPÓ,CENTRO,-22.633193,-54.831509,locais de votação,88,88
30,MS,BONITO,VILA DONÁRIA,-21.123265,-56.486862,locais de votação,61,61
31,MS,SIDROLÂNDIA,CENTRO,-20.93858,-54.960883,locais de votação,121,121
32,MS,RIBAS DO RIO PARDO,CENTRO,-20.451477,-53.758351,locais de votação,58,58
33,MS,MUNDO NOVO,CENTRO,-23.935162,-54.52661,locais de votação,126,126
34,MS,BANDEIRANTES,CENTRO,-19.954007,-54.436819,locais de votação,58,58
35,MS,CAMPO GRANDE,JARDIM VERANEIO,-20.417845,-54.635113,locais de votação,397,386
36,MS,CAMPO GRANDE,PARQUE DOS PODERES,-20.436065,-54.597378,locais de votação,394,394
38,MS,COSTA RICA,BAIRRO SANTOS DUMONT,-18.539054,-53.134623,locais de votação,86,86
39,MS,DEODÁPOLIS,CENTRO,-22.279912,-54.191398,locais de votação,77,77
40,MS,SÃO GABRIEL DO OESTE,CENTRO,-19.395413,-54.581877,locais de votação,102,102
41,MS,BRASILÂNDIA,JARDIM CAMARGO,-21.252209,-52.031805,locais de votação,55,53
43,MS,DOURADOS,JARDIM LONDRINA,-22.216397,-54.805276,locais de votação,314,314
44,MS,CAMPO GRANDE,PARQUE DOS PODERES,-20.50663,-54.664268,locais de votação,311,311
45,MS,NIOAQUE,CENTRO,-21.158833,-55.83148,locais de votação,45,45
48,MS,CHAPADÃO DO SUL,PARQUE UNIÃO,-18.797178,-52.623687,locais de votação,88,88
49,MS,ANASTÁCIO,CENTRO,-20.49172,-55.79986,locais de votação,116,116
50,MS,CORUMBÁ,NOSSA SENHORA DE FÁTIMA,-19.007794,-57.62827,locais de votação,149,149
51,MS,TRÊS LAGOAS,BAIRRO CENTRO,-20.79512,-51.716964,locais de votação,152,152
52,MS,PONTA PORÃ,JARDIM IPANEMA,-22.50648,-55.727803,locais de votação,185,185
53,MS,CAMPO GRANDE,PARQUE DOS PODERES,-20.523498,-54.624532,locais de votação,468,468
54,MS,CAMPO GRANDE,JARDIM VERANEIO,-20.467156,-54.667706,locais de votação,314,311
1,MT,CUIABÁ,CENTRO POLÍTICO ADMINISTRATIVO,-15.592444,-56.113995,locais de votação,357,349
2,MT,GUIRATINGA,COHAB GARCA BRANCA,-16.3483,-53.761547,locais de votação,60,60
3,MT,ROSÁRIO OESTE,CENTRO,-14.826601,-56.423995,locais de votação,148,142
4,MT,POCONÉ,CENTRO,-16.259966,-56.626958,locais de votação,95,95
5,MT,NOVA MUTUM,PARQUE DOS INGÁS,-13.827997,-56.090427,locais de votação,96,96
6,MT,CÁCERES,JARDIM CELESTE,-16.081165,-57.679065,locais de votação,226,226
7,MT,DIAMANTINO,CENTRO,-14.407657,-56.445501,locais de votação,112,112
8,MT,ALTO ARAGUAIA,ATLÂNTICO,-17.322745,-53.224593,locais de votação,83,83
9,MT,BARRA DO GARÇAS,SENA MARQUES,-15.8873,-52.272134,locais de votação,304,303
10,MT,RONDONÓPOLIS,VILA MARINÓPOLIS,-16.466486,-54.643603,locais de votação,273,257
11,MT,ARIPUANÃ,CIDADE ALTA,-9.571566,-59.433421,locais de votação,115,113
12,MT,CAMPO VERDE,CAMPO REAL,-15.556741,-55.162342,locais de votação,114,95
13,MT,BARRA DO BUGRES,CENTRO,-15.069652,-57.192349,locais de votação,119,111
14,MT,JACIARA,CENTRO,-15.969348,-54.965536,locais de votação,105,105
15,MT,SÃO FÉLIX DO ARAGUAIA,CENTRO,-11.623368,-50.96632,locais de votação,68,68
16,MT,VILA RICA,SETOR SUL,-10.015821,-51.115469,locais de votação,77,77
17,MT,ARENÁPOLIS,VILA NOVA,-14.457744,-56.843642,locais de votação,81,78
18,MT,MIRASSOL D'OESTE,CENTRO,-15.677358,-58.096102,locais de votação,124,124
19,MT,TANGARÁ DA SERRA,CENTRO,-14.625949,-57.488378,locais de votação,265,261
20,MT,VÁRZEA GRANDE,CENTRO,-15.646777,-56.16695,locais de votação,341,323
21,MT,LUCAS DO RIO VERDE,JARDIM DAS PALMEIRAS,-13.078493,-55.916591,locais de votação,185,185
22,MT,SINOP,SETOR COMERCIAL SUL,-11.85015,-55.508252,locais de votação,303,303
23,MT,COLÍDER,CENTRO,-10.804388,-55.456007,locais de votação,155,155
24,MT,ALTA FLORESTA,CENTRO,-9.867611,-56.081718,locais de votação,201,201
25,MT,PONTES E LACERDA,JARDIM DAS PALMEIRAS,-15.233692,-59.339937,locais de votação,183,183
26,MT,NOVA XAVANTINA,CENTRO,-14.660345,-52.359709,locais de votação,106,92
27,MT,JUARA,JARDIM BOA VISTA,-11.262199,-57.502031,locais de votação,128,128
28,MT,PORTO ALEGRE DO NORTE,CENTRO,-10.654813,-51.57793,locais de votação,129,129
29,MT,SÃO JOSÉ DO RIO CLARO,CENTRO,-13.448094,-56.723681,locais de votação,53,51
30,MT,ÁGUA BOA,CENTRO,-14.053558,-52.160257,locais de votação,104,96
31,MT,CANARANA,CENTRO,-13.551929,-52.264149,locais de votação,76,76
32,MT,CLÁUDIA,CENTRO,-11.503647,-54.522304,locais de votação,74,74
33,MT,PEIXOTO DE AZEVEDO,CENTRO NOVO,-10.240416,-54.988922,locais de votação,187,178
34,MT,CHAPADA DOS GUIMARÃES,CENTRO,-15.442861,-55.735489,locais de votação,99,99
35,MT,JUÍNA,CENTRO,-11.418791,-58.760164,locais de votação,150,150
36,MT,VERA,CENTRO,-12.286922,-55.27979,locais de votação,57,57
38,MT,SANTO ANTÔNIO DO LEVERGER,CENTRO,-15.866903,-56.071705,locais de votação,103,103
39,MT,CUIABÁ,CENTRO POLÍTICO ADMINISTRATIVO,-15.608851,-56.070236,locais de votação,363,353
40,MT,PRIMAVERA DO LESTE,CENTRO,-15.555491,-54.298432,locais de votação,154,154
41,MT,ARAPUTANGA,CENTRO,-15.445628,-58.384674,locais de votação,124,124
42,MT,SAPEZAL,CIDEZAL IV,-13.547503,-58.820879,locais de votação,62,62
43,MT,SORRISO,CENTRO SUL,-12.551758,-55.727979,locais de votação,225,225
44,MT,GUARANTÃ DO NORTE,CENTRO,-9.950124,-54.910227,locais de votação,98,98
45,MT,PEDRA PRETA,CENTRO,-16.626695,-54.472454,locais de votação,75,75
46,MT,RONDONÓPOLIS,VILA OPERÁRIA,-16.450869,-54.618113,locais de votação,275,275
47,MT,POXORÉU,JARDIM POXORÉU,-15.82797,-54.389996,locais de votação,61,61
48,MT,COTRIGUAÇU,VILA NOVA,-10.002351,-58.560751,locais de votação,63,63
49,MT,VÁRZEA GRANDE,CENTRO,-15.658547,-56.116635,locais de votação,313,297
50,MT,NOVA MONTE VERDE,CENTRO,-9.854587,-57.813482,locais de votação,70,47
51,MT,CUIABÁ,CENTRO POLÍTICO ADMINISTRATIVO,-15.559788,-56.050566,locais de votação,330,315
52,MT,SÃO JOSÉ DOS QUATRO MARCOS,CENTRO,-15.621762,-58.17295,locais de votação,128,128
53,MT,QUERÊNCIA,SETOR A,-12.586818,-52.208923,locais de votação,66,66
55,MT,CUIABÁ,CENTRO POLÍTICO ADMINISTRATIVO,-15.63582,-56.014202,locais de votação,313,282
56,MT,BRASNORTE,CENTRO,-12.121587,-58.001735,locais de votação,42,42
57,MT,PARANATINGA,CENTRO,-14.41653,-54.048138,locais de votação,76,66
60,MT,CAMPO NOVO DO PARECIS,ALVORADA,-13.653692,-57.88955,locais de votação,73,73
61,MT,COMODORO,CENTRO,-13.654734,-59.782999,locais de votação,86,73
1,PA,BELÉM,PEDREIRA,-1.465849,-48.491737,locais de votação,275,270
2,PA,CACHOEIRA DO ARARI,CENTRO,-1.008454,-48.95942,locais de votação,87,87
3,PA,SOURE,CENTRO,-0.732322,-48.518838,locais de votação,131,130
4,PA,CASTANHAL,CRISTO REDENTOR,-1.301937,-47.934787,locais de votação,289,275
5,PA,IGARAPÉ-AÇU,CENTRO,-1.128345,-47.624387,locais de votação,188,177
6,PA,IGARAPÉ-MIRI,CENTRO,-1.978084,-48.986002,locais de votação,155,148
7,PA,ABAETETUBA,SÃO LOURENÇO,-1.724906,-48.884784,locais de votação,370,368
8,PA,VIGIA,CENTRO,-0.856659,-48.138936,locais de votação,235,232
9,PA,CURUÇÁ,CENTRO,-0.735273,-47.853968,locais de votação,122,115
10,PA,MUANÁ,CENTRO,-1.529799,-49.21741,locais de votação,82,81
11,PA,SÃO MIGUEL DO GUAMÁ,SÃO MANOEL,-1.618494,-47.478624,locais de votação,250,250
12,PA,CAMETÁ,CENTRAL,-2.246676,-49.49631,locais de votação,313,312
13,PA,BRAGANÇA,CEREJA,-1.054619,-46.771608,locais de votação,398,388
14,PA,VISEU,CENTRO,-1.302855,-46.33895,locais de votação,220,220
15,PA,BREVES,CENTRO,-1.681856,-50.48122,locais de votação,254,242
16,PA,AFUÁ,CENTRO,-0.160306,-50.523572,locais de votação,95,95
17,PA,CHAVES,CENTRO,-0.164635,-49.822827,locais de votação,58,58
18,PA,ALTAMIRA,ESPLANADA DO XINGU,-3.207702,-52.218952,locais de votação,385,385
19,PA,MONTE ALEGRE,SERRA OCIDENTAL,-1.995392,-54.079618,locais de votação,225,215
20,PA,SANTARÉM,SANTA CLARA,-2.434374,-54.725562,locais de votação,330,322
21,PA,ALENQUER,CENTRO,-1.936757,-54.742415,locais de votação,266,227
22,PA,ÓBIDOS,CENTRO,-1.905779,-55.512549,locais de votação,182,180
23,PA,MARABÁ,NOVA MARABÁ,-5.338897,-49.091182,locais de votação,405,397
24,PA,CONCEIÇÃO DO ARAGUAIA,CENTRO,-8.26601,-49.32109,locais de votação,231,231
25,PA,CAPANEMA,CENTRO,-1.192331,-47.180931,locais de votação,231,231
26,PA,GURUPÁ,CENTRO,-1.405632,-51.642221,locais de votação,77,76
27,PA,PONTA DE PEDRAS,ESTRADA,-1.388693,-48.86771,locais de votação,65,64
28,PA,BELÉM,PEDREIRA,-1.416496,-48.482269,locais de votação,256,256
29,PA,BELÉM,PEDREIRA,-1.467321,-48.46609,locais de votação,261,259
30,PA,BELÉM,CRUZEIRO,-1.292631,-48.466537,locais de votação,291,287
31,PA,MARACANÃ,CENTRO,-0.770874,-47.458884,locais de votação,113,109
32,PA,MARAPANIM,SANTO ANTÔNIO DO ABACATE,-0.874079,-47.713109,locais de votação,129,129
33,PA,NOVA TIMBOTEUA,CENTRO,-0.943231,-47.124127,locais de votação,136,128
34,PA,ITAITUBA,N S PERPETUO SOCORRO,-4.263138,-55.987706,locais de votação,439,425
35,PA,BAIÃO,CENTRO,-2.668471,-49.553055,locais de votação,179,179
36,PA,SANTA ISABEL DO PARÁ,CENTRO,-1.29843,-48.16481,locais de votação,283,275
37,PA,MOJU,CENTRO,-1.896784,-48.768722,locais de votação,188,188
38,PA,ORIXIMINÁ,CENTRO,-1.762396,-55.865505,locais de votação,206,143
39,PA,TOMÉ-AÇU,CENTRO,-2.418864,-48.23778,locais de votação,165,165
40,PA,TUCURUÍ,NOVA MATINHA,-3.766902,-49.67136,locais de votação,242,241
41,PA,OURÉM,CENTRO,-1.520225,-47.112622,locais de votação,170,170
42,PA,PARAGOMINAS,URAIM II,-2.996449,-47.355086,locais de votação,216,215
43,PA,ANANINDEUA,CENTRO,-1.366335,-48.379104,locais de votação,462,449
44,PA,PORTEL,CIDADE NOVA,-1.939999,-50.816072,locais de votação,130,130
45,PA,OEIRAS DO PARÁ,CENTRO,-2.003675,-49.856593,locais de votação,84,84
46,PA,SANTANA DO ARAGUAIA,CENTRO,-9.334749,-50.335177,locais de votação,77,77
48,PA,SÃO SEBASTIÃO DA BOA VISTA,CENTRO,-1.716997,-49.532072,locais de votação,70,70
49,PA,MÃE DO RIO,CENTRO,-2.135655,-47.552089,locais de votação,251,251
50,PA,CASTANHAL,CRISTO REDENTOR,-1.299449,-47.901327,locais de votação,308,308
51,PA,RONDON DO PARÁ,MIRANDA,-4.779986,-48.071804,locais de votação,122,122
52,PA,AUGUSTO CORRÊA,CIDADE NOVA,-1.078199,-46.589692,locais de votação,135,132
53,PA,SÃO FÉLIX DO XINGU,MUNDIAL,-6.637941,-51.98537,locais de votação,146,142
54,PA,SENADOR JOSÉ PORFÍRIO,CENTRO,-2.592652,-51.950418,locais de votação,44,44
55,PA,ALMEIRIM,CENTRO,-1.527973,-52.577934,locais de votação,103,103
56,PA,ITUPIRANGA,MUTIRAO,-5.134767,-49.338884,locais de votação,129,129
57,PA,SÃO JOÃO DO ARAGUAIA,CENTRO,-5.545539,-48.731583,locais de votação,154,149
58,PA,CURIONÓPOLIS,CENTRO,-6.099235,-49.375626,locais de votação,162,162
59,PA,REDENÇÃO,PARQUE DOS BURITIS I,-8.038597,-50.031848,locais de votação,257,232
60,PA,RIO MARIA,CENTRO,-7.3165,-50.047062,locais de votação,78,78
61,PA,XINGUARA,CENTRO,-7.091192,-49.943322,locais de votação,164,164
62,PA,SÃO GERALDO DO ARAGUAIA,ALTO BEC,-6.39489,-48.590129,locais de votação,121,118
64,PA,SALINÓPOLIS,LOTEAMENTO ATALAIA,-0.643399,-47.332264,locais de votação,165,156
65,PA,BARCARENA,BAIRRO NOVO,-1.5178,-48.651547,locais de votação,289,286
68,PA,RURÓPOLIS,CENTRO,-4.085935,-54.882461,locais de votação,141,121
69,PA,JACUNDÁ,CENTRO,-4.447588,-49.1136,locais de votação,139,139
70,PA,CAPITÃO POÇO,RODOVIARIO,-1.750907,-47.070246,locais de votação,154,148
72,PA,ANANINDEUA,COQUEIRO,-1.353784,-48.406089,locais de votação,452,379
73,PA,BELÉM,PEDREIRA,-1.368208,-48.44451,locais de votação,301,301
74,PA,TUCUMÃ,SETOR AEROPORTO,-6.754454,-51.144637,locais de votação,171,170
75,PA,PARAUAPEBAS,CIDADE NOVA,-6.100664,-49.889179,locais de votação,331,331
76,PA,BELÉM,PEDREIRA,-1.441434,-48.460649,locais de votação,301,294
78,PA,MARITUBA,SÃO JOSÉ,-1.363933,-48.329079,locais de votação,366,337
79,PA,URUARÁ,CENTRO,-3.717505,-53.734614,locais de votação,104,104
80,PA,PACAJÁ,CENTRO,-3.684119,-50.631523,centroide dos municípios,156,0
81,PA,GARRAFÃO DO NORTE,PEDRINHAS,-2.230586,-47.022247,locais de votação,125,125
82,PA,PORTO DE MOZ,CENTRO,-1.874567,-52.23905,locais de votação,74,21
83,PA,SANTARÉM,SANTA CLARA,-2.58096,-54.531302,locais de votação,333,44
84,PA,DOM ELISEU,ESPLANADA,-4.2872,-47.548876,locais de votação,202,202
85,PA,MEDICILÂNDIA,CENTRO,-3.445443,-52.892238,locais de votação,79,79
86,PA,CURRALINHO,MARAMBAIA,-1.812517,-49.798494,locais de votação,79,79
87,PA,CONCÓRDIA DO PARÁ,CENTRO,-1.750144,-47.995216,locais de votação,169,169
88,PA,LIMOEIRO DO AJURU,CENTRO,-1.881235,-49.382032,locais de votação,79,79
89,PA,TERRA SANTA,CENTRO,-2.108129,-56.493176,locais de votação,75,75
90,PA,ANAJÁS,CENTRO,-0.98526,-49.939393,locais de votação,69,69
91,PA,NOVO PROGRESSO,JARDIM PLANALTO,-7.037384,-55.41692,locais de votação,90,90
92,PA,PRAINHA,BAIRRO DA PAZ,-1.80754,-53.482298,locais de votação,114,93
93,PA,TAILÂNDIA,SANTA MARIA,-2.936845,-48.948101,locais de votação,162,162
94,PA,ACARÁ,CACOAL,-1.956586,-48.298536,locais de votação,157,157
95,PA,BELÉM,PEDREIRA,-1.431807,-48.474588,locais de votação,291,291
96,PA,BELÉM,PEDREIRA,-1.453043,-48.459726,locais de votação,275,265
97,PA,BELÉM,PEDREIRA,-1.330697,-48.46792,locais de votação,286,273
98,PA,BELÉM,PEDREIRA,-1.401574,-48.443558,locais de votação,275,275
99,PA,MELGAÇO,CENTRO,-1.805604,-50.716353,locais de votação,54,54
100,PA,MARABÁ,NOVA MARABÁ,-5.376564,-49.130594,locais de votação,307,307
101,PA,NOVO REPARTIMENTO,ESPIGÃO,-4.253548,-49.955355,locais de votação,147,147
102,PA,JACAREACANGA,BELA VISTA,-6.222862,-57.761836,locais de votação,48,9
103,PA,BREU BRANCO,CENTRO,-3.785786,-49.541906,locais de votação,201,201
104,PA,SANTARÉM,SANTA CLARA,-2.589041,-54.93616,locais de votação,319,157
105,PA,JURUTI,CENTRO,-2.157606,-56.092002,locais de votação,127,108
106,PA,PARAUAPEBAS,CIDADE NOVA,-6.064014,-49.889636,locais de votação,310,300
1,PB,JOÃO PESSOA,TAMBIÁ,-7.116773,-34.858733,locais de votação,302,281
2,PB,SANTA RITA,ALTO DOS EUCALIPTOS,-7.126669,-34.963163,locais de votação,250,245
3,PB,SANTA RITA,ALTO DOS EUCALIPTOS,-7.159307,-34.978519,locais de votação,229,202
4,PB,SAPÉ,CENTRO,-7.091249,-35.236676,locais de votação,246,225
6,PB,ITABAIANA,CENTRO,-7.330004,-35.379489,locais de votação,165,155
7,PB,MAMANGUAPE,CAMPO,-6.840955,-35.131858,locais de votação,178,178
8,PB,INGÁ,JARDIM FARIAS,-7.291983,-35.626144,locais de votação,97,97
9,PB,ALAGOA GRANDE,CENTRO,-7.041877,-35.623923,locais de votação,138,138
10,PB,GUARABIRA,JUÁ,-6.85467,-35.489883,locais de votação,149,149
11,PB,AREIA,JUSSARA,-6.904419,-35.64259,locais de votação,167,167
13,PB,ALAGOA NOVA,CENTRO,-7.122161,-35.82409,locais de votação,124,124
14,PB,BANANEIRAS,CONJUNTO MAJOR AUGUSTO BEZERRA,-6.698446,-35.568149,locais de votação,174,158
16,PB,CAMPINA GRANDE,LIBERDADE,-7.213515,-35.875138,locais de votação,302,288
17,PB,CAMPINA GRANDE,LIBERDADE,-7.244797,-35.893693,locais de votação,367,365
18,PB,UMBUZEIRO,CENTRO,-7.696079,-35.767324,locais de votação,91,86
19,PB,ESPERANÇA,CENTRO,-7.018402,-35.862687,locais de votação,120,116
20,PB,ARARUNA,CENTRO,-6.544306,-35.740362,locais de votação,115,110
22,PB,CAMPINA GRANDE,LIBERDADE,-7.263893,-36.488706,locais de votação,66,66
23,PB,SOLEDADE,JARDIM CRUZEIRO,-6.936918,-36.362346,locais de votação,109,106
24,PB,CUITÉ,CENTRO,-6.483902,-36.157461,locais de votação,110,110
25,PB,PICUÍ,PEDRO SALUSTINO,-6.511192,-36.349858,locais de votação,122,118
26,PB,SANTA LUZIA,BAIRRO SAO JOSE,-6.872728,-36.919092,locais de votação,101,101
27,PB,TAPEROÁ,CENTRO,-7.211769,-36.82635,locais de votação,70,70
28,PB,PATOS,CENTRO,-7.027292,-37.277849,locais de votação,238,238
29,PB,MONTEIRO,CENTRO,-7.893692,-37.114935,locais de votação,147,147
30,PB,TEIXEIRA,CENTRO,-7.227492,-37.253557,locais de votação,134,134
31,PB,POMBAL,PETROPOLIS,-6.766291,-37.800996,locais de votação,113,113
32,PB,PIANCÓ,JARDIM OURO BRANCO,-7.195604,-37.924071,locais de votação,71,71
33,PB,ITAPORANGA,LOTEAMENTO JOAO SILVINO,-7.309708,-38.152534,locais de votação,81,81
34,PB,PRINCESA ISABEL,CENTRO,-7.712076,-37.995168,locais de votação,134,129
35,PB,SOUSA,RACHEL GADELHA,-6.763458,-38.232962,locais de votação,182,176
36,PB,CATOLÉ DO ROCHA,JOÃO SERAFIM,-6.352863,-37.752765,locais de votação,134,134
37,PB,SÃO JOÃO DO RIO DO PEIXE,BAIRRO DAS POPULARES,-6.717389,-38.51126,locais de votação,121,121
38,PB,CATOLÉ DO ROCHA,JOÃO SERAFIM,-6.349387,-37.534493,locais de votação,88,86
40,PB,SÃO JOSÉ DE PIRANHAS,CENTRO,-7.121321,-38.505847,locais de votação,105,105
41,PB,CONCEIÇÃO,CENTRO,-7.556648,-38.505303,locais de votação,105,105
42,PB,ITAPORANGA,LOTEAMENTO JOAO SILVINO,-7.428393,-38.197802,locais de votação,80,80
43,PB,SUMÉ,CENTRO,-7.66828,-36.878084,locais de votação,101,101
44,PB,PEDRAS DE FOGO,CENTRO,-7.37398,-35.20895,locais de votação,158,158
47,PB,GUARABIRA,JUÁ,-6.810515,-35.438369,locais de votação,152,152
48,PB,SOLÂNEA,CENTRO,-6.760252,-35.668472,locais de votação,130,130
49,PB,QUEIMADAS,CENTRO,-7.548,-35.720909,locais de votação,106,106
50,PB,POCINHOS,CENTRO,-7.087656,-35.964025,locais de votação,97,97
51,PB,PATOS,BRASÍLIA,-6.890428,-37.568638,locais de votação,78,78
52,PB,COREMAS,POMBALZINHO,-7.014995,-37.943097,locais de votação,81,80
53,PB,SÃO JOÃO DO RIO DO PEIXE,BAIRRO DAS POPULARES,-6.513586,-38.413755,locais de votação,108,108
55,PB,RIO TINTO,CENTRO,-6.787308,-35.01882,locais de votação,113,113
56,PB,JUAZEIRINHO,CENTRO,-7.067726,-36.583625,locais de votação,87,87
57,PB,CABEDELO,CENTRO,-7.004739,-34.834704,locais de votação,149,134
58,PB,SERRA BRANCA,CENTRO,-7.481821,-36.66416,locais de votação,67,59
59,PB,QUEIMADAS,CENTRO,-7.365343,-35.899381,locais de votação,174,174
60,PB,JACARAÚ,CENTRO,-6.671533,-35.285777,locais de votação,138,138
61,PB,BAYEUX,CENTRO,-7.129342,-34.926238,locais de votação,243,243
62,PB,BOQUEIRÃO,BAIRRO NOVO,-7.49266,-36.15735,locais de votação,101,99
63,PB,SOUSA,CONJ MARIA RAQUEL,-6.669254,-38.095349,locais de votação,108,108
64,PB,JOÃO PESSOA,TAMBIÁ,-7.151675,-34.876172,locais de votação,318,318
65,PB,PATOS,BRASÍLIA,-7.123625,-37.157277,locais de votação,87,83
66,PB,PIANCÓ,JARDIM OURO BRANCO,-7.22687,-37.990138,locais de votação,86,86
67,PB,REMÍGIO,CENTRO,-6.957528,-35.819733,locais de votação,103,103
68,PB,CAJAZEIRAS,CENTRO,-6.890794,-38.563306,locais de votação,217,217
69,PB,SÃO BENTO,CENTRO,-6.492034,-37.451083,locais de votação,117,117
70,PB,JOÃO PESSOA,TAMBIÁ,-7.177205,-34.843224,locais de votação,311,311
72,PB,CAMPINA GRANDE,LIBERDADE,-7.222291,-35.912101,locais de votação,339,338
73,PB,ALHANDRA,CENTRO,-7.471925,-34.911206,locais de votação,145,141
74,PB,ÁGUA BRANCA,CENTRO,-7.513992,-37.638065,locais de votação,92,92
75,PB,GURINHÉM,CENTRO,-7.123415,-35.425674,locais de votação,97,97
76,PB,JOÃO PESSOA,TAMBIÁ,-7.114803,-34.836706,locais de votação,305,305
77,PB,JOÃO PESSOA,TAMBIÁ,-7.175178,-34.894606,locais de votação,375,375
1,PE,RECIFE,SAO JOSE,-8.106678,-34.895943,locais de votação,313,313
2,PE,RECIFE,SAO JOSE,-8.089712,-34.92832,locais de votação,306,306
3,PE,RECIFE,SAO JOSE,-8.114681,-34.952505,locais de votação,325,318
4,PE,RECIFE,SAO JOSE,-8.047624,-34.883319,locais de votação,343,334
5,PE,RECIFE,SAO JOSE,-8.032613,-34.950778,locais de votação,311,311
6,PE,RECIFE,SAO JOSE,-8.017327,-34.920921,locais de votação,306,306
7,PE,RECIFE,SAO JOSE,-8.049512,-34.917307,locais de votação,308,308
8,PE,RECIFE,SAO JOSE,-8.032497,-34.89841,locais de votação,318,318
9,PE,RECIFE,SAO JOSE,-8.007694,-34.902074,locais de votação,299,299
10,PE,OLINDA,BAIRRO NOVO,-7.972858,-34.843422,locais de votação,314,313
11,PE,JABOATÃO DOS GUARARAPES,GUARARAPES,-8.11313,-35.014608,locais de votação,323,323
12,PE,PAULISTA,CENTRO,-7.940504,-34.895836,locais de votação,209,209
13,PE,SÃO LOURENÇO DA MATA,CENTRO,-7.995303,-35.038299,locais de votação,245,223
14,PE,MORENO,CENTRO,-8.117771,-35.103097,locais de votação,136,136
15,PE,CABO DE SANTO AGOSTINHO,CENTRO,-8.295889,-35.03795,locais de votação,208,208
16,PE,IPOJUCA,CENTRO,-8.440463,-35.059853,locais de votação,231,231
17,PE,PAUDALHO,CENTRO,-7.899595,-35.175261,locais de votação,138,138
18,PE,VITÓRIA DE SANTO ANTÃO,LIVRAMENTO,-8.119818,-35.29713,locais de votação,269,269
19,PE,ESCADA,MARACUJA,-8.362827,-35.236405,locais de votação,181,181
20,PE,CARPINA,SANTA CRUZ,-7.84431,-35.258232,locais de votação,221,212
21,PE,GLÓRIA DO GOITÁ,CENTRO,-8.000567,-35.291296,locais de votação,102,102
23,PE,NAZARÉ DA MATA,CENTRO,-7.742709,-35.233088,locais de votação,143,143
24,PE,LIMOEIRO,MULTIRÃO,-7.875426,-35.447758,locais de votação,165,165
25,PE,GOIANA,BOA VISTA,-7.563385,-34.998507,locais de votação,199,199
26,PE,RIO FORMOSO,CENTRO,-8.639964,-35.11712,locais de votação,199,182
27,PE,ITAMBÉ,CENTRO,-7.408634,-35.239278,locais de votação,134,134
28,PE,RIBEIRÃO,CENTRO,-8.511667,-35.384997,locais de votação,194,185
30,PE,GRAVATÁ,CENTRO,-8.20515,-35.569181,locais de votação,191,180
31,PE,AMARAJI,LOTEAMENTO JOAO PAULO II,-8.329803,-35.452277,locais de votação,136,136
33,PE,BOM JARDIM,CENTRO,-7.765712,-35.600744,locais de votação,181,172
34,PE,SURUBIM,CENTRO,-7.839354,-35.759951,locais de votação,213,213
35,PE,BEZERROS,SÃO PEDRO,-8.23743,-35.752801,locais de votação,166,166
36,PE,TIMBAÚBA,MOCÓS,-7.513067,-35.317703,locais de votação,137,118
37,PE,PALMARES,ENGENHO PAUL,-8.681482,-35.591553,locais de votação,128,128
38,PE,ÁGUA PRETA,CENTRO,-8.708708,-35.526721,locais de votação,145,145
39,PE,BONITO,ZONA RURAL,-8.472672,-35.730353,locais de votação,122,122
41,PE,CARUARU,UNIVERSITARIO,-8.137444,-35.915766,locais de votação,136,136
42,PE,BARREIROS,CENTRO,-8.813914,-35.195895,locais de votação,143,143
43,PE,CATENDE,CENTRO,-8.669657,-35.767967,locais de votação,189,189
44,PE,SÃO CAITANO,CENTRO,-8.329994,-36.145984,locais de votação,197,197
45,PE,BELO JARDIM,EDSON MORORÓ MOURA,-8.334992,-36.420755,locais de votação,228,228
46,PE,VERTENTES,CENTRO,-7.880075,-35.916619,locais de votação,133,133
47,PE,QUIPAPÁ,VILA CANARINHO,-8.801948,-36.011458,locais de votação,164,164
48,PE,ALTINHO,CENTRO,-8.491217,-36.059044,locais de votação,83,79
50,PE,TABIRA,POVOADO RIACHO DO GADO,-7.59006,-37.539956,locais de votação,92,92
51,PE,TAQUARITINGA DO NORTE,CENTRO,-7.903296,-36.068904,locais de votação,68,68
52,PE,SÃO BENTO DO UNA,CENTRO,-8.523522,-36.443397,locais de votação,111,100
54,PE,BREJO DA MADRE DE DEUS,CENTRO,-8.093012,-36.369449,locais de votação,149,149
55,PE,PESQUEIRA,CENTRO,-8.357184,-36.699883,locais de votação,203,199
56,PE,GARANHUNS,MAGANO,-8.886669,-36.490577,locais de votação,287,282
57,PE,ARCOVERDE,SAO MIGUEL,-8.417498,-37.05661,locais de votação,182,182
58,PE,PEDRA,CENTRO,-8.499969,-36.944181,locais de votação,61,61
59,PE,CORRENTES,CENTRO,-9.127163,-36.330159,locais de votação,98,98
60,PE,BUÍQUE,CENTRO,-8.622378,-37.155375,locais de votação,112,112
61,PE,BOM CONSELHO,CENTRO,-9.166466,-36.682145,locais de votação,143,127
62,PE,SERTÂNIA,CENTRO,-8.072091,-37.269063,locais de votação,109,109
63,PE,INAJÁ,CENTRO,-8.901662,-37.708127,locais de votação,85,85
64,PE,ÁGUAS BELAS,CENTRO,-9.111992,-37.117451,locais de votação,114,114
65,PE,CUSTÓDIA,CENTRO,-8.088317,-37.640274,locais de votação,81,77
66,PE,AFOGADOS DA INGAZEIRA,MANOELA VALADARES,-7.753053,-37.632861,locais de votação,141,141
67,PE,FLORES,CENTRO,-7.939918,-37.894745,centroide dos municípios,101,0
68,PE,SÃO JOSÉ DO EGITO,CENTRO,-7.476928,-37.275647,locais de votação,111,104
69,PE,MIRANDIBA,CENTRO,-8.278411,-38.74242,locais de votação,75,75
70,PE,PETROLÂNDIA,QUADRA 11,-8.977668,-38.220751,locais de votação,87,87
71,PE,SERRA TALHADA,AABB,-7.987108,-38.291977,locais de votação,217,217
72,PE,FLORESTA,CENTRO,-8.599056,-38.572456,locais de votação,72,72
73,PE,BELÉM DO SÃO FRANCISCO,CENTRO,-8.749835,-38.962574,locais de votação,71,71
74,PE,SÃO JOSÉ DO BELMONTE,CENTRO,-7.865522,-38.757553,locais de votação,84,84
75,PE,SALGUEIRO,NOSSA SENHORA DAS GRACAS,-8.070973,-39.119886,locais de votação,160,160
76,PE,SERRITA,CENTRO,-7.819535,-39.293352,locais de votação,76,76
77,PE,CABROBÓ,CENTRO,-8.512846,-39.316898,locais de votação,124,124
78,PE,PARNAMIRIM,CENTRO,-8.09147,-39.579543,locais de votação,99,98
79,PE,EXU,CENTRO,-7.515179,-39.721422,locais de votação,113,113
80,PE,BODOCÓ,CENTRO,-7.714044,-39.937492,locais de votação,105,105
81,PE,SANTA MARIA DA BOA VISTA,PLANALTO,-8.795872,-39.825646,locais de votação,96,96
82,PE,OURICURI,CENTRO,-7.888074,-40.089349,locais de votação,218,193
83,PE,PETROLINA,VILA MOCÓ,-9.384365,-40.545815,locais de votação,223,211
84,PE,ARARIPINA,CENTRO,-7.57678,-40.499014,locais de votação,169,169
85,PE,IGARASSU,CENTRO,-7.831789,-34.910574,locais de votação,282,282
86,PE,AGRESTINA,ZONA RURAL,-8.601353,-35.947757,locais de votação,169,162
88,PE,JOÃO ALFREDO,BOA VISTA,-7.860962,-35.588857,locais de votação,133,133
89,PE,TACARATU,CENTRO,-9.106916,-38.156086,locais de votação,97,97
90,PE,MACAPARANA,CENTRO,-7.59106,-35.446199,locais de votação,179,172
91,PE,PASSIRA,CENTRO,-7.983321,-35.584773,locais de votação,135,134
92,PE,GARANHUNS,SAO JOSE,-8.755345,-36.485727,locais de votação,175,175
94,PE,LAJEDO,CENTRO,-8.668845,-36.320664,locais de votação,146,146
98,PE,CARNAÍBA,CENTRO,-7.719052,-37.792332,locais de votação,95,95
99,PE,ITAPETIM,CENTRO,-7.375144,-37.285832,locais de votação,90,90
100,PE,OLINDA,BAIRRO NOVO,-8.00034,-34.892954,locais de votação,305,305
101,PE,JABOATÃO DOS GUARARAPES,GUARARAPES,-8.190282,-34.921753,locais de votação,308,308
102,PE,VITÓRIA DE SANTO ANTÃO,SÃO VICENTE DE PAULO,-8.111274,-35.357741,locais de votação,129,129
105,PE,CARUARU,UNIVERSITARIO,-8.277299,-35.975586,locais de votação,297,292
106,PE,CARUARU,UNIVERSITARIO,-8.291117,-35.970204,locais de votação,310,310
107,PE,AFRÂNIO,CENTRO,-8.513085,-40.85229,locais de votação,100,100
108,PE,BETÂNIA,CENTRO,-8.188691,-38.035555,locais de votação,56,56
109,PE,SANTA CRUZ DO CAPIBARIBE,SANTO ANTONIO,-7.952859,-36.206183,locais de votação,175,175
112,PE,TORITAMA,loteamento monte verde,-8.00662,-36.055914,locais de votação,90,87
114,PE,PAULISTA,CENTRO,-7.945821,-34.863843,locais de votação,250,250
116,PE,SÃO JOÃO,CENTRO,-8.882992,-36.204207,locais de votação,140,88
117,PE,OLINDA,BAIRRO NOVO,-8.004901,-34.859876,locais de votação,293,291
118,PE,JABOATÃO DOS GUARARAPES,PRAZERES,-8.095673,-34.974553,locais de votação,344,344
119,PE,ABREU E LIMA,TIMBO,-7.90771,-34.901194,locais de votação,231,90
120,PE,VENTUROSA,CENTRO,-8.57722,-36.810288,locais de votação,82,82
121,PE,CABO DE SANTO AGOSTINHO,CENTRO,-8.240768,-34.980317,locais de votação,275,275
125,PE,CONDADO,CENTRO,-7.5992,-35.109303,locais de votação,196,196
127,PE,CAMARAGIBE,LOT. NAZARÉ,-8.022108,-34.990925,locais de votação,199,199
128,PE,IBIMIRIM,CENTRO,-8.540959,-37.689735,locais de votação,76,52
130,PE,CAPOEIRAS,CENTRO,-8.771926,-36.625343,locais de votação,107,107
131,PE,ILHA DE ITAMARACÁ,JAGUARIBE,-7.751276,-34.891816,locais de votação,103,103
132,PE,CAMOCIM DE SÃO FÉLIX,CENTRO,-8.360287,-35.764514,locais de votação,152,137
133,PE,TRINDADE,CENTRO,-7.667293,-40.264156,locais de votação,130,130
135,PE,FEIRA NOVA,CENTRO,-7.935916,-35.302916,locais de votação,117,117
136,PE,SALOÁ,CENTRO,-9.041716,-36.814284,locais de votação,100,100
137,PE,LAGOA GRANDE,CENTRO,-8.997552,-40.270255,locais de votação,66,66
138,PE,CAMARAGIBE,LOT. NAZARÉ,-8.009253,-34.978733,locais de votação,157,157
143,PE,ITAÍBA,CENTRO,-8.760442,-37.344797,locais de votação,125,110
144,PE,PETROLINA,VILA MOCÓ,-9.385173,-40.489246,locais de votação,230,210
145,PE,PETROLINA,VILA MOCÓ,-9.361275,-40.518526,locais de votação,230,230
146,PE,PAULISTA,CENTRO,-7.918176,-34.830137,locais de votação,202,201
147,PE,JABOATÃO DOS GUARARAPES,GUARARAPES,-8.162108,-34.931774,locais de votação,321,321
149,PE,RECIFE,SAO JOSE,-8.132032,-34.915074,locais de votação,324,316
150,PE,RECIFE,SAO JOSE,-8.067388,-34.925852,locais de votação,332,299
1,PI,TERESINA,ILHOTAS,-5.036214,-42.822509,locais de votação,355,349
2,PI,TERESINA,ILHOTAS,-5.112277,-42.789828,locais de votação,365,365
3,PI,PARNAÍBA,FÁTIMA,-2.917223,-41.76129,locais de votação,374,374
4,PI,PARNAÍBA,NOSSA SENHORA DE FATIMA,-2.852524,-41.805594,locais de votação,59,59
5,PI,OEIRAS,OEIRAS NOVA,-7.013287,-42.126245,locais de votação,183,180
6,PI,BARRAS,CENTRO,-4.249018,-42.297479,locais de votação,198,198
7,PI,CAMPO MAIOR,CENTRO,-4.835893,-42.046178,locais de votação,164,161
8,PI,AMARANTE,VILA NOVA,-6.233698,-42.860188,locais de votação,127,127
9,PI,FLORIANO,MANGUINHA,-6.773692,-43.019663,locais de votação,202,195
10,PI,PICOS,DNER,-7.081783,-41.47361,locais de votação,267,266
11,PI,PIRIPIRI,CENTRO,-4.270735,-41.778015,locais de votação,248,243
12,PI,PEDRO II,CENTRO,-4.428546,-41.451747,locais de votação,223,223
13,PI,SÃO RAIMUNDO NONATO,ALDEIA,-9.018618,-42.685103,locais de votação,189,188
14,PI,URUÇUÍ,CENTRO,-7.235891,-44.553475,locais de votação,96,96
15,PI,BOM JESUS,SÃO PEDRO,-9.073506,-44.38058,locais de votação,130,128
16,PI,UNIÃO,CENTRO,-4.583779,-42.851687,locais de votação,184,181
17,PI,MIGUEL ALVES,COHEB,-4.179762,-42.882979,locais de votação,108,108
18,PI,VALENÇA DO PIAUÍ,CENTRO,-6.40712,-41.744628,locais de votação,95,95
19,PI,JAICÓS,SERRANOPOLIS,-7.375178,-41.140074,locais de votação,134,134
20,PI,SÃO JOÃO DO PIAUÍ,CENTRO,-8.358852,-42.252076,locais de votação,82,82
21,PI,PIRACURUCA,CENTRO,-3.930067,-41.708449,locais de votação,139,136
22,PI,CORRENTE,NOVA CORRENTE,-10.452213,-45.169255,locais de votação,150,150
24,PI,JOSÉ DE FREITAS,CENTRO,-4.759318,-42.571689,locais de votação,151,151
25,PI,JERUMENHA,CENTRO,-7.246461,-43.626483,locais de votação,36,36
26,PI,PARNAGUÁ,CENTRO,-10.12806,-44.59145,locais de votação,93,93
27,PI,LUZILÂNDIA,SAO DOMINGOS,-3.484433,-42.37289,locais de votação,133,132
28,PI,PICOS,DNER,-6.980003,-41.225571,locais de votação,142,142
29,PI,PIO IX,CENTRO,-6.83572,-40.723163,locais de votação,87,87
30,PI,SÃO PEDRO DO PIAUÍ,CENTRO,-5.925945,-42.711506,locais de votação,117,117
32,PI,ALTOS,CENTRO,-5.039432,-42.456404,locais de votação,169,169
33,PI,BURITI DOS LOPES,CENTRO,-3.253858,-41.872159,locais de votação,187,187
34,PI,CASTELO DO PIAUÍ,CENTRO,-5.316427,-41.550451,locais de votação,149,146
35,PI,GILBUÉS,CENTRO,-9.753843,-45.336915,locais de votação,134,134
36,PI,CANTO DO BURITI,BAIRRO NOSSA SENHORA DE FÁTIMA,-8.114307,-42.943251,locais de votação,112,112
37,PI,SIMPLÍCIO MENDES,CENTRO,-7.860632,-41.964217,locais de votação,100,97
38,PI,PAULISTANA,COHAB,-8.144434,-41.144676,locais de votação,177,177
39,PI,SÃO MIGUEL DO TAPUIO,CENTRO,-5.603072,-41.316954,locais de votação,107,107
40,PI,FRONTEIRAS,CENTRO,-7.089394,-40.64455,locais de votação,123,123
41,PI,ESPERANTINA,CENTRO,-3.866026,-42.231988,locais de votação,184,184
43,PI,REGENERAÇÃO,CENTRO,-6.229658,-42.686273,locais de votação,116,116
44,PI,RIBEIRO GONÇALVES,BELA VISTA,-7.861457,-45.210566,locais de votação,56,56
45,PI,BATALHA,CENTRO,-4.027222,-42.07336,locais de votação,97,97
46,PI,GUADALUPE,CENTRO,-6.983917,-43.831746,locais de votação,77,77
47,PI,ALTOS,CENTRO,-5.353665,-42.206009,locais de votação,150,149
48,PI,ELESBÃO VELOSO,MATIAS,-6.393774,-42.142015,locais de votação,128,128
49,PI,PORTO,- BAIRRO CENTRO,-3.8931,-42.628525,locais de votação,85,85
52,PI,ÁGUA BRANCA,CENTRO,-5.89303,-42.632172,locais de votação,95,95
53,PI,COCAL,CENTRO,-3.47207,-41.54936,locais de votação,126,124
54,PI,DEMERVAL LOBÃO,CIDADE NOVA,-5.362273,-42.67357,locais de votação,62,50
56,PI,SIMÕES,CENTRO,-7.695419,-40.820861,locais de votação,93,93
57,PI,ITAINÓPOLIS,CENTRO,-7.529976,-41.48317,locais de votação,93,93
58,PI,MONSENHOR GIL,CENTRO,-5.572704,-42.658302,locais de votação,77,75
59,PI,CRISTINO CASTRO,MUTIRãO,-8.815023,-44.218813,locais de votação,94,94
61,PI,FLORIANO,MANGUINHA,-6.899634,-42.671449,locais de votação,98,98
62,PI,PICOS,DNER,-7.032873,-41.519795,locais de votação,137,137
63,PI,TERESINA,ILHOTAS,-5.101749,-42.75465,locais de votação,365,365
64,PI,INHUMA,CENTRO,-6.754353,-41.708919,locais de votação,118,118
67,PI,MANOEL EMÍDIO,CENTRO,-8.008484,-43.87317,locais de votação,105,101
68,PI,PADRE MARCOS,CENTRO,-7.358472,-40.902616,locais de votação,94,94
69,PI,SÃO JOÃO DO PIAUÍ,CENTRO,-8.376421,-41.836686,locais de votação,99,99
71,PI,CAPITÃO DE CAMPOS,SAO JOSE I,-4.486493,-41.966954,locais de votação,88,87
72,PI,ITAUEIRA,CENTRO,-7.774467,-43.026617,locais de votação,114,114
74,PI,BARRO DURO,CENTRO,-5.817618,-42.203979,locais de votação,100,100
79,PI,CARACOL,CENTRO,-9.242778,-43.240561,locais de votação,125,125
80,PI,MATIAS OLÍMPIO,CENTRO,-3.719184,-42.549292,locais de votação,78,78
88,PI,AVELINO LOPES,CENTRO,-10.13766,-43.946496,locais de votação,70,70
89,PI,VALENÇA DO PIAUÍ,CENTRO,-6.237337,-41.420712,locais de votação,91,91
90,PI,SIMPLÍCIO MENDES,CENTRO,-7.731631,-41.78523,locais de votação,97,97
91,PI,LUIS CORREIA,CENTRO,-2.935688,-41.476402,locais de votação,140,140
94,PI,OEIRAS,CENTRO,-7.237436,-42.368496,locais de votação,100,100
95,PI,SÃO RAIMUNDO NONATO,ALDEIA,-9.258085,-42.872556,locais de votação,99,99
96,PI,CAMPO MAIOR,parque zurique,-4.823621,-42.174516,locais de votação,110,110
97,PI,TERESINA,ILHOTAS,-5.146862,-42.799904,locais de votação,448,432
98,PI,TERESINA,ILHOTAS,-5.053652,-42.762037,locais de votação,365,365
1,PR,CURITIBA,PRADO VELHO,-25.406049,-49.271559,locais de votação,406,406
2,PR,CURITIBA,PAROLIN,-25.394529,-49.229419,locais de votação,391,391
3,PR,CURITIBA,PRADO VELHO,-25.470285,-49.211833,locais de votação,381,381
4,PR,CURITIBA,PRADO VELHO,-25.472812,-49.327255,locais de votação,400,400
5,PR,PARANAGUÁ,JARDIM ALVORADA,-25.52923,-48.535183,locais de votação,304,288
6,PR,ANTONINA,CENTRO,-25.430424,-48.71221,locais de votação,77,77
7,PR,CERRO AZUL,VILA ELIANE,-24.825737,-49.282117,locais de votação,63,63
8,PR,SÃO JOSÉ DOS PINHAIS,CENTRO,-25.549808,-49.196046,locais de votação,306,306
9,PR,CAMPO LARGO,CENTRO,-25.454487,-49.529705,locais de votação,268,268
10,PR,LAPA,DOM PEDRO II,-25.768074,-49.72057,locais de votação,111,111
11,PR,RIO NEGRO,CENTRO,-26.071058,-49.703029,locais de votação,138,138
12,PR,SÃO MATEUS DO SUL,CENTRO,-25.876783,-50.385498,locais de votação,123,123
13,PR,PALMEIRA,CENTRO,-25.424643,-50.000707,locais de votação,95,95
14,PR,PONTA GROSSA,OFICINAS,-25.082778,-50.146502,locais de votação,245,245
15,PR,PONTA GROSSA,OFICINAS,-25.11048,-50.145969,locais de votação,268,268
16,PR,CASTRO,JARDIM DAS ARAUCÁRIAS,-24.793249,-49.997345,locais de votação,177,177
17,PR,TIBAGI,CAPIVARI,-24.521486,-50.414893,locais de votação,72,72
18,PR,JAGUARIAÍVA,JARDIM MATARAZZO,-24.259908,-49.710722,locais de votação,81,81
19,PR,TOMAZINA,CENTRO,-23.778925,-50.05805,locais de votação,53,53
20,PR,WENCESLAU BRAZ,JARDIM SAN RAFAEL,-23.875532,-49.802116,locais de votação,78,78
21,PR,SIQUEIRA CAMPOS,SANTA IZABEL,-23.688564,-49.825239,locais de votação,60,60
22,PR,SANTO ANTÔNIO DA PLATINA,CENTRO,-23.294068,-50.076267,locais de votação,107,107
23,PR,RIBEIRÃO CLARO,JARDIM BELA VISTA,-23.199964,-49.754716,locais de votação,29,29
24,PR,JACAREZINHO,NOVA JACAREZINHO,-23.155561,-49.978105,locais de votação,97,97
25,PR,CAMBARÁ,MORADA DO SOL,-23.041079,-50.075974,locais de votação,56,56
26,PR,CORNÉLIO PROCÓPIO,JARDIM NOVO BANDEIRANTES,-23.177434,-50.655792,locais de votação,145,145
27,PR,PIRAÍ DO SUL,VILA BRASILINHA,-24.534227,-49.938119,locais de votação,63,63
28,PR,APUCARANA,VILA SÃO CARLOS,-23.555762,-51.457981,locais de votação,306,306
29,PR,IMBITUVA,CENTRO,-25.226308,-50.610212,locais de votação,95,95
30,PR,PRUDENTÓPOLIS,CENTRO,-25.210408,-50.982325,locais de votação,135,135
31,PR,CAMPO MOURÃO,CENTRO,-24.040827,-52.37716,locais de votação,208,208
32,PR,PALMAS,SÃO JOSÉ,-26.4802,-51.996183,locais de votação,116,115
33,PR,UNIÃO DA VITÓRIA,CENTRO,-26.228285,-51.083644,locais de votação,153,152
34,PR,IRATI,CENTRO,-25.47899,-50.660893,locais de votação,182,182
35,PR,ASSAÍ,CONJUNTO ASSAI,-23.378981,-50.842791,locais de votação,78,78
36,PR,IPIRANGA,SANTO ANTONIO,-25.009225,-50.759517,locais de votação,75,73
37,PR,MALLET,VILA CHOMA,-25.945132,-50.826781,locais de votação,53,53
38,PR,PITANGA,CENTRO,-24.758706,-51.763081,locais de votação,170,64
39,PR,RESERVA,BOA VISTA,-24.653099,-50.85094,locais de votação,62,62
40,PR,SERTANÓPOLIS,CENTRO,-23.05815,-51.037364,locais de votação,38,38
41,PR,LONDRINA,CENTRO CÍVICO,-23.299974,-51.156408,locais de votação,308,308
42,PR,LONDRINA,CENTRO,-23.318338,-51.163961,locais de votação,287,287
43,PR,GUARAPUAVA,TRIANON,-25.401529,-51.480366,locais de votação,232,232
44,PR,GUARAPUAVA,TRIANON,-25.369326,-51.469806,locais de votação,226,226
45,PR,LARANJEIRAS DO SUL,CENTRO,-25.403944,-52.41763,locais de votação,156,156
46,PR,FOZ DO IGUAÇU,POLO CENTRO,-25.541152,-54.565573,locais de votação,314,302
47,PR,CLEVELÂNDIA,CENTRO,-26.40206,-52.359172,locais de votação,66,66
48,PR,BOCAIÚVA DO SUL,JARDIM SANTA HELENA,-24.980458,-49.093687,locais de votação,68,68
49,PR,COLOMBO,CENTRO,-25.34813,-49.208053,locais de votação,223,222
50,PR,ARAUCÁRIA,PORTO DAS LARANJEIRAS,-25.589512,-49.390513,locais de votação,368,359
51,PR,MORRETES,SÍTIO DO CAMPO,-25.47831,-48.828962,locais de votação,45,45
52,PR,SÃO JOÃO DO TRIUNFO,CENTRO,-25.685929,-50.302801,locais de votação,43,43
53,PR,TEIXEIRA SOARES,CENTRO,-25.384379,-50.462636,locais de votação,46,43
54,PR,SENGÉS,JARDIM APOLO,-24.114279,-49.472274,locais de votação,47,34
55,PR,JOAQUIM TÁVORA,CENTRO,-23.516432,-49.923149,locais de votação,58,58
56,PR,CARLÓPOLIS,JARDIM ITÁLIA II,-23.42796,-49.720318,locais de votação,37,37
57,PR,ANDIRÁ,CENTRO,-23.045773,-50.229858,locais de votação,79,79
58,PR,BANDEIRANTES,IBC,-23.106256,-50.371259,locais de votação,92,91
59,PR,ROLÂNDIA,JARDIM SANTA MONICA,-23.316406,-51.385439,locais de votação,140,140
60,PR,MANDAGUARI,JARDIM BOA VISTA,-23.521876,-51.673434,locais de votação,79,79
61,PR,ARAPONGAS,VILA NATAL,-23.409713,-51.431934,locais de votação,256,256
62,PR,REBOUÇAS,ALTO DA GLÓRIA,-25.677771,-50.696868,locais de votação,73,73
63,PR,SÃO JERÔNIMO DA SERRA,CENTRO,-23.593996,-50.763406,locais de votação,54,54
64,PR,JAGUAPITÃ,CENTRO,-23.108228,-51.536876,locais de votação,43,43
65,PR,PORECATU,CENTRO,-22.862799,-51.390792,locais de votação,81,81
66,PR,MARINGÁ,AEROPORTO,-23.431872,-51.939401,locais de votação,322,319
67,PR,ASTORGA,CENTRO,-23.238022,-51.669459,locais de votação,80,80
68,PR,CASCAVEL,ALTO ALEGRE,-24.945146,-53.440458,locais de votação,349,349
69,PR,FRANCISCO BELTRÃO,N S APARECIDA,-26.067391,-53.053168,locais de votação,231,231
70,PR,JANDAIA DO SUL,CONJUNTO NOVA JANDAIA,-23.601891,-51.649198,locais de votação,100,100
71,PR,NOVA ESPERANÇA,CENTRO,-23.185472,-52.200507,locais de votação,119,119
72,PR,PARANAVAÍ,JARDIM SAO JORGE,-23.086941,-52.4632,locais de votação,225,225
73,PR,PATO BRANCO,CENTRO,-26.232925,-52.680254,locais de votação,252,252
74,PR,PEABIRU,CENTRO,-23.926245,-52.48631,locais de votação,67,67
75,PR,TOLEDO,JARDIM SANTA MARIA,-24.732176,-53.740314,locais de votação,336,336
76,PR,MARILÂNDIA DO SUL,CENTRO,-23.745261,-51.306527,locais de votação,86,86
77,PR,BELA VISTA DO PARAÍSO,JARDIM ALVIM WERNER,-22.97087,-51.209929,locais de votação,68,68
78,PR,CAMBÉ,CENTRO,-23.28277,-51.254042,locais de votação,208,208
79,PR,IBAITI,CENTRO,-23.84165,-50.189692,locais de votação,90,90
80,PR,IBIPORÃ,JD. RES. ITAMARATI,-23.268123,-51.048244,locais de votação,140,140
81,PR,MARIALVA,VILA BRASIL,-23.484382,-51.795392,locais de votação,115,111
82,PR,RIBEIRÃO DO PINHAL,CENTRO,-23.406114,-50.354245,locais de votação,62,62
83,PR,SANTO ANTÔNIO DO SUDOESTE,CENTRO,-26.052773,-53.721713,locais de votação,85,80
84,PR,URAÍ,CENTRO,-23.195322,-50.794476,locais de votação,39,39
85,PR,LOANDA,ALTO DA GLORIA,-22.929522,-53.143929,locais de votação,105,105
86,PR,CRUZEIRO DO OESTE,SUL BRASILEIRA,-23.785486,-53.06065,locais de votação,133,133
87,PR,ALTO PARANÁ,CENTRO,-23.130001,-52.323,locais de votação,53,53
88,PR,CIANORTE,CENTRO,-23.664445,-52.611529,locais de votação,183,183
89,PR,UMUARAMA,CENTRO,-23.764466,-53.312666,locais de votação,246,245
90,PR,GUAÍRA,CENTRO - CIA MATE LARANJEIRA,-24.086897,-54.254876,locais de votação,79,79
91,PR,PARANACITY,CENTRO,-22.933217,-52.150577,locais de votação,56,56
92,PR,GOIOERÊ,JARDIM LINDOIA,-24.182785,-53.019842,locais de votação,130,130
93,PR,IVAIPORÃ,JARDIM EUROPA,-24.241223,-51.675184,locais de votação,139,139
94,PR,SANTA ISABEL DO IVAÍ,CENTRO,-23.005411,-53.198809,locais de votação,62,62
95,PR,COLORADO,CENTRO,-22.840602,-51.96913,locais de votação,87,87
96,PR,NOVA LONDRINA,CENTRO,-22.735864,-52.987041,locais de votação,78,65
97,PR,IPORÃ,PRIMAVERA,-24.010391,-53.717491,locais de votação,76,76
98,PR,UBIRATÃ,CENTRO,-24.536477,-52.988514,locais de votação,84,84
99,PR,CONGONHINHAS,CENTRO,-23.54964,-50.554793,locais de votação,30,30
100,PR,PARAÍSO DO NORTE,CENTRO,-23.286059,-52.603816,locais de votação,77,77
101,PR,CORONEL VIVIDA,INDUSTRIAL,-25.989684,-52.56774,locais de votação,72,68
102,PR,MANDAGUAÇU,JARDIM MONACO,-23.350512,-52.098121,locais de votação,90,90
103,PR,CHOPINZINHO,SÃO SEBASTIÃO,-25.85071,-52.529331,locais de votação,69,69
104,PR,PRIMEIRO DE MAIO,CENTRO,-22.852113,-51.026299,locais de votação,25,25
105,PR,TERRA RICA,centro - perímetro urbano,-22.731836,-52.623936,locais de votação,54,54
106,PR,CÂNDIDO DE ABREU,CENTRO,-24.573534,-51.333074,locais de votação,48,48
107,PR,CAPANEMA,CENTRO,-25.690986,-53.766391,locais de votação,106,106
108,PR,NOVA FÁTIMA,CENTRO,-23.434726,-50.559858,locais de votação,22,22
109,PR,SANTA MARIANA,CENTRO,-23.147499,-50.513031,locais de votação,33,33
110,PR,FAXINAL,CENTRO,-23.998489,-51.332646,locais de votação,83,83
111,PR,TELÊMACO BORBA,CENTRO,-24.330448,-50.632297,locais de votação,183,183
112,PR,GUARANIAÇU,CENTRO,-25.09947,-52.868274,locais de votação,62,62
113,PR,ASSIS CHATEAUBRIAND,CENTRO,-24.403873,-53.516226,locais de votação,83,83
114,PR,MEDIANEIRA,NAZARÉ,-25.293189,-54.095525,locais de votação,169,169
115,PR,DOIS VIZINHOS,CENTRO,-25.75175,-53.06094,locais de votação,141,141
116,PR,ENGENHEIRO BELTRÃO,CENTRO,-23.813245,-52.180217,locais de votação,57,57
117,PR,XAMBRÊ,CENTRO,-23.720302,-53.625444,locais de votação,29,29
118,PR,MATELÂNDIA,CENTRO,-25.147332,-53.944978,locais de votação,103,103
119,PR,CURIÚVA,CENTRO,-23.921293,-50.45679,locais de votação,75,75
120,PR,FORMOSA DO OESTE,CENTRO,-24.37905,-53.316471,locais de votação,88,88
121,PR,MARECHAL CÂNDIDO RONDON,CENTRO,-24.558326,-54.060013,locais de votação,208,198
122,PR,SÃO MIGUEL DO IGUAÇU,CENTRO,-25.342557,-54.245775,locais de votação,105,105
123,PR,ALTÔNIA,CENTRO,-23.871598,-53.893362,locais de votação,65,65
124,PR,PALOTINA,OSVALDO CRUZ,-24.284838,-53.843217,locais de votação,118,118
125,PR,TERRA ROXA,PARQUE VERDE,-24.167503,-54.100892,locais de votação,45,45
126,PR,CORBÉLIA,CENTRO,-24.720736,-53.294873,locais de votação,117,117
127,PR,CIDADE GAÚCHA,CENTRO,-23.38366,-52.952524,locais de votação,72,72
128,PR,ALTO PIQUIRI,CENTRO,-24.029657,-53.443466,locais de votação,30,30
129,PR,SANTA HELENA,CENTRO,-24.869025,-54.330196,locais de votação,100,85
130,PR,REALEZA,CENTRO,-25.820892,-53.48194,locais de votação,118,118
131,PR,BARRACÃO,BAIRRO JARDIM VALE DO CAPANEMA,-26.229732,-53.60197,locais de votação,62,62
132,PR,SÃO JOÃO DO IVAÍ,JARDIM SANTA TEREZINHA,-23.991229,-51.823181,locais de votação,76,76
133,PR,BARBOSA FERRAZ,CENTRO,-24.031137,-52.012675,locais de votação,47,47
134,PR,PALMITAL,CENTRO,-24.888772,-52.215961,locais de votação,74,71
135,PR,PÉROLA,CENTRO,-23.80498,-53.68849,locais de votação,37,37
136,PR,GRANDES RIOS,CENTRO,-24.255834,-51.314832,locais de votação,48,48
137,PR,MARINGÁ,ZONA 08,-23.412277,-51.90481,locais de votação,297,297
139,PR,PONTA GROSSA,OFICINAS,-25.068058,-50.195295,locais de votação,256,256
140,PR,MARMELEIRO,CENTRO,-26.158525,-53.027755,locais de votação,70,70
141,PR,IRETAMA,CENTRO,-24.548345,-52.108003,locais de votação,54,54
142,PR,UMUARAMA,CENTRO,-23.608036,-53.294768,locais de votação,48,48
143,PR,CASCAVEL,ALTO ALEGRE,-24.976301,-53.463766,locais de votação,354,335
144,PR,FAZENDA RIO GRANDE,NAÇÕES,-25.666388,-49.319116,locais de votação,344,343
145,PR,CURITIBA,PRADO VELHO,-25.537854,-49.273258,locais de votação,377,377
146,PR,LONDRINA,CENTRO CÍVICO,-23.360736,-51.145352,locais de votação,303,300
147,PR,FOZ DO IGUAÇU,JARDIM POLO CENTRO,-25.484382,-54.551347,locais de votação,326,326
148,PR,TOLEDO,JARDIM SANTA MARIA,-24.771928,-53.857787,locais de votação,63,63
149,PR,CIANORTE,CENTRO,-23.47803,-52.55659,locais de votação,77,77
150,PR,SANTA FÉ,CENTRO,-23.042668,-51.816728,locais de votação,65,65
151,PR,SÃO JOÃO,UNIÃO,-25.714655,-52.766398,locais de votação,69,69
153,PR,UNIÃO DA VITÓRIA,CENTRO,-26.159826,-51.34989,locais de votação,149,147
154,PR,MARINGÁ,ZONA 08,-23.460643,-52.050731,locais de votação,141,141
155,PR,PIRAQUARA,CENTRO,-25.454246,-49.092781,locais de votação,184,184
156,PR,RIO BRANCO DO SUL,VILA VELHA,-25.190883,-49.335037,locais de votação,138,138
157,PR,LONDRINA,CENTRO CÍVICO,-23.261722,-51.163554,locais de votação,267,267
159,PR,CENTENÁRIO DO SUL,CENTRO,-22.78722,-51.656791,locais de votação,67,67
160,PR,PINHÃO,VILA CALDAS,-25.704831,-51.656085,locais de votação,99,99
161,PR,GUARATUBA,COHAPAR I,-25.88434,-48.584109,locais de votação,79,79
162,PR,SALTO DO LONTRA,PARQUE INDUSTRIAL,-25.779737,-53.311608,locais de votação,79,79
163,PR,QUEDAS DO IGUAÇU,TARUMÃ,-25.452943,-52.904535,locais de votação,94,94
164,PR,ARAPOTI,CENTRO CÍVICO,-24.143863,-49.82541,locais de votação,64,64
165,PR,CAPITÃO LEÔNIDAS MARQUES,CENTRO,-25.479998,-53.606754,locais de votação,72,72
166,PR,CATANDUVAS,CENTRO,-25.211258,-53.158787,locais de votação,82,82
167,PR,ORTIGUEIRA,JARDIM KOVALESKI,-24.207524,-50.926164,locais de votação,62,51
168,PR,MANGUEIRINHA,CENTRO,-25.941345,-52.175667,locais de votação,59,59
169,PR,CAMPINA DA LAGOA,JARDIM SANTA CECÍLIA,-24.594067,-52.772691,locais de votação,71,71
170,PR,MAMBORÊ,ALTO DA GLÓRIA,-24.308898,-52.528299,locais de votação,49,49
171,PR,ALMIRANTE TAMANDARÉ,VILA SANTA TEREZINHA,-25.332416,-49.289797,locais de votação,195,195
172,PR,ICARAÍMA,CENTRO,-23.389996,-53.615685,locais de votação,39,39
173,PR,TERRA BOA,CENTRO,-23.76986,-52.446193,locais de votação,39,39
174,PR,CURITIBA,PAROLIN,-25.503525,-49.241039,locais de votação,405,405
175,PR,CURITIBA,PRADO VELHO,-25.531435,-49.334299,locais de votação,376,376
176,PR,CURITIBA,PRADO VELHO,-25.499826,-49.281152,locais de votação,396,390
177,PR,CURITIBA,PRADO VELHO,-25.443384,-49.269442,locais de votação,457,437
178,PR,CURITIBA,PRADO VELHO,-25.434641,-49.318551,locais de votação,414,414
182,PR,CAMPO LARGO,CENTRO,-25.377731,-49.438121,locais de votação,95,95
183,PR,CAMPO MOURÃO,CENTRO,-24.144762,-52.62368,locais de votação,45,45
186,PR,COLOMBO,CENTRO,-25.365897,-49.168059,locais de votação,230,230
188,PR,PINHAIS,CENTRO,-25.431171,-49.179853,locais de votação,257,257
192,PR,MARINGÁ,AEROPORTO,-23.395336,-51.944132,locais de votação,319,318
194,PR,MATINHOS,CAIOBA,-25.748082,-48.501075,locais de votação,150,144
195,PR,CAMPINA GRANDE DO SUL,CENTRO,-25.362153,-49.08332,locais de votação,139,139
196,PR,MANOEL RIBAS,CENTRO,-24.51446,-51.675075,locais de votação,70,70
199,PR,SÃO JOSÉ DOS PINHAIS,CENTRO,-25.513626,-49.164528,locais de votação,291,291
203,PR,CANTAGALO,VILA DARIANA,-25.384162,-52.114482,locais de votação,102,102
206,PR,SARANDI,JARDIM VERAO,-23.439667,-51.871821,locais de votação,205,205
4,RJ,RIO DE JANEIRO,JARDIM BOTÂNICO,-22.949478,-43.182435,locais de votação,320,320
5,RJ,RIO DE JANEIRO,COPACABANA,-22.969502,-43.185872,locais de votação,353,353
7,RJ,RIO DE JANEIRO,TIJUCA,-22.930579,-43.23907,locais de votação,279,279
8,RJ,RIO DE JANEIRO,DEL CASTILHO,-22.893892,-43.262634,locais de votação,216,216
9,RJ,RIO DE JANEIRO,BARRA DA TIJUCA,-23.00799,-43.458406,locais de votação,306,306
10,RJ,RIO DE JANEIRO,PIEDADE,-22.88918,-43.324337,locais de votação,217,217
14,RJ,RIO DE JANEIRO,TODOS OS SANTOS,-22.882262,-43.308209,locais de votação,233,233
16,RJ,RIO DE JANEIRO,LARANJEIRAS,-22.930317,-43.179727,locais de votação,324,324
17,RJ,RIO DE JANEIRO,JARDIM BOTÂNICO,-22.983152,-43.20519,locais de votação,304,304
21,RJ,RIO DE JANEIRO,OLARIA,-22.857046,-43.268169,locais de votação,234,234
22,RJ,RIO DE JANEIRO,IRAJÁ,-22.825418,-43.330926,locais de votação,301,301
23,RJ,RIO DE JANEIRO,MARECHAL HERMES,-22.849382,-43.372504,locais de votação,223,223
24,RJ,RIO DE JANEIRO,MAGALHÃES BASTOS,-22.869217,-43.465778,locais de votação,232,232
25,RJ,RIO DE JANEIRO,SANTA CRUZ,-22.963113,-43.687485,locais de votação,211,211
26,RJ,NOVA FRIBURGO,CENTRO,-22.282455,-42.531136,locais de votação,213,213
27,RJ,NOVA IGUAÇU,CENTRO,-22.75941,-43.448547,locais de votação,301,301
28,RJ,PARAÍBA DO SUL,CENTRO,-22.167903,-43.293494,locais de votação,134,134
29,RJ,PETRÓPOLIS,CENTRO,-22.515172,-43.188577,locais de votação,476,476
30,RJ,PIRAÍ,CENTRO,-22.574995,-43.99681,locais de votação,141,141
31,RJ,RESENDE,CENTRO,-22.473259,-44.464517,locais de votação,216,216
32,RJ,RIO BONITO,GREEN VALLEY,-22.713178,-42.625054,locais de votação,135,135
34,RJ,SANTO ANTÔNIO DE PÁDUA,DEZESSETE,-21.54495,-42.179939,locais de votação,156,156
35,RJ,SÃO FIDÉLIS,CENTRO,-21.645133,-41.748531,locais de votação,121,121
36,RJ,SÃO GONÇALO,CENTRO,-22.811218,-43.03905,locais de votação,290,290
37,RJ,SÃO JOÃO DA BARRA,CENTRO,-21.705333,-41.046861,locais de votação,123,123
38,RJ,TERESÓPOLIS,VÁRZEA,-22.406841,-42.969322,locais de votação,184,184
40,RJ,TRÊS RIOS,NOVA NITERÓI,-22.115969,-43.208495,locais de votação,121,121
41,RJ,VASSOURAS,CENTRO,-22.4095,-43.663482,locais de votação,98,98
42,RJ,BOM JARDIM,CENTRO,-22.151423,-42.418304,locais de votação,116,116
43,RJ,NATIVIDADE,CENTRO,-21.035552,-41.961302,locais de votação,69,69
45,RJ,PORCIÚNCULA,CENTRO,-20.967394,-42.039595,locais de votação,48,48
48,RJ,MIGUEL PEREIRA,CENTRO,-22.449891,-43.439252,locais de votação,150,150
49,RJ,CACHOEIRAS DE MACACU,BETEL,-22.561247,-42.693594,locais de votação,151,151
50,RJ,CASIMIRO DE ABREU,SOCIEDADE FLUMINENSE,-22.483522,-42.198118,locais de votação,106,106
51,RJ,CONCEIÇÃO DE MACABU,CENTRO,-22.085814,-41.869075,locais de votação,116,116
52,RJ,CORDEIRO,CENTRO,-22.02528,-42.362773,locais de votação,85,85
54,RJ,MANGARATIBA,RANCHITO,-22.943042,-44.025817,locais de votação,110,110
55,RJ,MARICÁ,FLAMENGO,-22.922406,-42.835855,locais de votação,375,375
56,RJ,MENDES,CENTRO,-22.526644,-43.732067,locais de votação,62,62
57,RJ,PARATY,FÁTIMA,-23.222347,-44.718008,locais de votação,106,106
59,RJ,SÃO PEDRO DA ALDEIA,CENTRO,-22.838069,-42.096477,locais de votação,230,230
60,RJ,SÃO SEBASTIÃO DO ALTO,CENTRO,-21.953374,-42.010568,locais de votação,67,67
61,RJ,SAPUCAIA,CENTRO,-22.007439,-42.912715,locais de votação,56,56
62,RJ,SAQUAREMA,PORTO NOVO,-22.894426,-42.475192,locais de votação,215,215
63,RJ,SILVA JARDIM,CENTRO,-22.649274,-42.399832,locais de votação,67,67
64,RJ,SUMIDOURO,CENTRO,-22.10821,-42.673462,locais de votação,62,62
65,RJ,PETRÓPOLIS,ITAIPAVA,-22.441006,-43.142137,locais de votação,337,337
68,RJ,SÃO GONÇALO,CENTRO,-22.832033,-43.073562,locais de votação,260,260
69,RJ,SÃO GONÇALO,CENTRO,-22.855826,-43.005103,locais de votação,231,231
70,RJ,PARACAMBI,CENTRO,-22.607824,-43.70819,locais de votação,106,106
71,RJ,NITERÓI,CENTRO,-22.900417,-43.114138,locais de votação,359,359
72,RJ,NITERÓI,CENTRO,-22.907197,-43.089284,locais de votação,373,373
74,RJ,ENGENHEIRO PAULO DE FRONTIN,CENTRO,-22.549043,-43.676674,locais de votação,40,40
75,RJ,CAMPOS DOS GOYTACAZES,CENTRO,-21.808264,-41.286633,locais de votação,356,356
76,RJ,CAMPOS DOS GOYTACAZES,CENTRO,-21.723219,-41.313616,locais de votação,303,303
78,RJ,DUQUE DE CAXIAS,PARQUE DUQUE,-22.759975,-43.302578,locais de votação,330,330
79,RJ,DUQUE DE CAXIAS,PARQUE DUQUE,-22.724298,-43.315378,locais de votação,285,285
83,RJ,MESQUITA,CENTRO,-22.780246,-43.420755,locais de votação,179,179
84,RJ,NOVA IGUAÇU,CENTRO,-22.784788,-43.547863,locais de votação,370,370
87,RJ,SÃO GONÇALO,CENTRO,-22.845378,-43.077658,locais de votação,274,274
88,RJ,SÃO JOÃO DE MERITI,VILAR DOS TELES,-22.792977,-43.391251,locais de votação,209,209
89,RJ,SÃO JOÃO DE MERITI,VILAR DOS TELES,-22.777912,-43.362446,locais de votação,237,237
90,RJ,VOLTA REDONDA,ATERRADO,-22.500249,-44.113635,locais de votação,317,317
91,RJ,BARRA MANSA,BARBARÁ,-22.540459,-44.163195,locais de votação,284,284
92,RJ,ARARUAMA,CENTRO,-22.866629,-42.338957,locais de votação,283,283
93,RJ,BARRA DO PIRAÍ,MATADOURO,-22.467251,-43.826049,locais de votação,251,251
94,RJ,BARRA MANSA,BARBARÁ,-22.541765,-44.184199,locais de votação,178,178
95,RJ,BOM JESUS DO ITABAPOANA,CENTRO,-21.135599,-41.680309,locais de votação,108,108
96,RJ,CABO FRIO,VILA NOVA,-22.88548,-42.041259,locais de votação,214,214
97,RJ,CAMBUCI,CENTRO,-21.57605,-41.909142,locais de votação,48,48
98,RJ,CAMPOS DOS GOYTACAZES,CENTRO,-21.758367,-41.331744,locais de votação,300,300
101,RJ,CANTAGALO,CENTRO,-21.983893,-42.364884,locais de votação,73,73
102,RJ,CARMO,CENTRO,-21.93486,-42.608682,locais de votação,58,58
103,RJ,DUQUE DE CAXIAS,PARQUE DUQUE,-22.78632,-43.315566,locais de votação,306,306
104,RJ,ITABORAÍ,CENTRO,-22.74413,-42.856641,locais de votação,267,267
105,RJ,ITAGUAÍ,ZONA INDUSTRIAL,-22.865538,-43.779381,locais de votação,282,282
106,RJ,ITAOCARA,LOTEAMENTO RECREIO,-21.670864,-42.075933,locais de votação,91,91
107,RJ,ITAPERUNA,CENTRO,-21.206563,-41.890319,locais de votação,294,294
108,RJ,RIO CLARO,CENTRO,-22.726446,-44.137056,locais de votação,51,51
109,RJ,MACAÉ,CENTRO,-22.38,-41.78715,locais de votação,276,276
110,RJ,MAGÉ,CENTRO,-22.658626,-43.049164,locais de votação,310,310
111,RJ,VALENÇA,CENTRO,-22.24356,-43.703373,locais de votação,236,236
112,RJ,MIRACEMA,BOA VISTA,-21.412739,-42.192035,locais de votação,100,100
116,RJ,ANGRA DOS REIS,CENTRO,-23.006642,-44.306207,locais de votação,201,201
118,RJ,RIO DE JANEIRO,CASCADURA,-22.868655,-43.325817,locais de votação,164,164
119,RJ,RIO DE JANEIRO,BARRA DA TIJUCA,-22.988672,-43.332467,locais de votação,340,340
120,RJ,RIO DE JANEIRO,CAMPO GRANDE,-22.913322,-43.547379,locais de votação,192,192
122,RJ,RIO DE JANEIRO,CAMPO GRANDE,-22.878222,-43.544553,locais de votação,194,194
123,RJ,RIO DE JANEIRO,DEODORO,-22.837354,-43.41641,locais de votação,213,213
125,RJ,RIO DE JANEIRO,SANTA CRUZ,-22.918234,-43.681973,locais de votação,270,270
126,RJ,DUQUE DE CAXIAS,PARQUE DUQUE,-22.682966,-43.261503,locais de votação,292,292
127,RJ,DUQUE DE CAXIAS,PARQUE DUQUE,-22.636128,-43.232184,locais de votação,283,283
128,RJ,DUQUE DE CAXIAS,25 DE AGOSTO,-22.615817,-43.289283,locais de votação,176,176
129,RJ,CAMPOS DOS GOYTACAZES,CENTRO,-21.729548,-41.345381,locais de votação,211,211
130,RJ,SÃO FRANCISCO DE ITABAPOANA,CENTRO,-21.469944,-41.10521,locais de votação,137,137
131,RJ,VOLTA REDONDA,ATERRADO,-22.515292,-44.083987,locais de votação,364,364
132,RJ,SÃO GONÇALO,CENTRO,-22.803092,-42.983538,locais de votação,258,258
133,RJ,SÃO GONÇALO,CENTRO,-22.825669,-42.984392,locais de votação,321,321
135,RJ,SÃO GONÇALO,CENTRO,-22.819414,-43.023126,locais de votação,365,365
138,RJ,QUEIMADOS,FANCHEM,-22.71416,-43.5606,locais de votação,356,356
139,RJ,JAPERI,ENGENHEIRO PEDREIRA,-22.676774,-43.612409,locais de votação,229,229
141,RJ,ITALVA,SAO CAETANO,-21.433935,-41.618131,locais de votação,110,110
144,RJ,NITERÓI,CENTRO,-22.87899,-43.093771,locais de votação,351,351
146,RJ,ARRAIAL DO CABO,PRAIA DOS ANJOS,-22.967172,-42.027228,locais de votação,94,94
147,RJ,ANGRA DOS REIS,SAO BENTO,-22.977132,-44.320352,locais de votação,211,211
148,RJ,MAGÉ,PIABETÁ,-22.609767,-43.17808,locais de votação,283,283
149,RJ,GUAPIMIRIM,BANANAL,-22.545118,-42.981971,locais de votação,135,135
150,RJ,MESQUITA,CENTRO,-22.791663,-43.433094,locais de votação,214,214
151,RJ,ITABORAÍ,CENTRO,-22.769275,-42.9217,locais de votação,316,316
152,RJ,BELFORD ROXO,CENTRO,-22.742258,-43.360795,locais de votação,259,259
153,RJ,BELFORD ROXO,CENTRO,-22.718763,-43.341202,locais de votação,225,225
154,RJ,BELFORD ROXO,CENTRO,-22.74893,-43.403713,locais de votação,246,246
155,RJ,BELFORD ROXO,CENTRO,-22.733477,-43.408217,locais de votação,224,224
156,RJ,NOVA IGUAÇU,BAIRRO DA LUZ,-22.70051,-43.43723,locais de votação,368,368
157,RJ,NOVA IGUAÇU,CENTRO,-22.736617,-43.442754,locais de votação,265,265
158,RJ,NOVA IGUAÇU,BAIRRO DA LUZ,-22.723076,-43.51625,locais de votação,277,277
159,RJ,NOVA IGUAÇU,CENTRO,-22.74699,-43.486381,locais de votação,219,219
161,RJ,RIO DE JANEIRO,OLARIA,-22.864426,-43.248237,locais de votação,194,194
162,RJ,RIO DE JANEIRO,OLARIA,-22.837626,-43.275302,locais de votação,335,335
167,RJ,RIO DE JANEIRO,IRAJÁ,-22.819122,-43.385907,locais de votação,180,180
169,RJ,RIO DE JANEIRO,SAUDE,-22.878741,-43.255353,locais de votação,217,217
170,RJ,RIO DE JANEIRO,MARACANÃ,-22.921149,-43.248985,locais de votação,336,336
172,RJ,ARMAÇÃO DOS BÚZIOS,CENTRO,-22.76948,-41.915086,locais de votação,94,94
174,RJ,TRÊS RIOS,NOVA NITERÓI,-22.108296,-43.188085,locais de votação,166,166
176,RJ,RIO DE JANEIRO,IRAJÁ,-22.815663,-43.312678,locais de votação,241,241
179,RJ,RIO DE JANEIRO,BARRA DA TIJUCA,-22.955764,-43.346643,locais de votação,303,303
180,RJ,RIO DE JANEIRO,TAQUARA,-22.923125,-43.369912,locais de votação,234,234
181,RJ,IGUABA GRANDE,CIDADE NOVA,-22.83778,-42.226154,locais de votação,81,81
182,RJ,RIO DE JANEIRO,TAQUARA,-22.936047,-43.383564,locais de votação,246,246
183,RJ,PORTO REAL,CENTRO (PORTO REAL),-22.413053,-44.299435,locais de votação,86,86
184,RJ,RIO DAS OSTRAS,BOSQUE DA PRAIA,-22.521916,-41.940514,locais de votação,268,268
185,RJ,RIO DE JANEIRO,TAQUARA,-22.889361,-43.355804,locais de votação,247,247
186,RJ,SÃO JOÃO DE MERITI,VILAR DOS TELES,-22.793403,-43.348854,locais de votação,345,345
187,RJ,SÃO JOÃO DE MERITI,VILAR DOS TELES,-22.780422,-43.38095,locais de votação,356,356
188,RJ,RIO DE JANEIRO,VILA DA PENHA,-22.842991,-43.298625,locais de votação,339,339
191,RJ,RIO DE JANEIRO,ILHA DO GOVERNADOR,-22.804954,-43.182866,locais de votação,254,254
192,RJ,RIO DE JANEIRO,PORTUGUESA,-22.80985,-43.209636,locais de votação,147,147
195,RJ,TERESÓPOLIS,VÁRZEA,-22.428684,-42.966024,locais de votação,230,230
196,RJ,SÃO JOSÉ DO VALE DO RIO PRETO,CENTRO,-22.151185,-42.924012,locais de votação,63,63
198,RJ,RESENDE,CENTRO,-22.46231,-44.510227,locais de votação,205,205
199,RJ,NITERÓI,CENTRO,-22.942363,-43.033212,locais de votação,232,232
200,RJ,DUQUE DE CAXIAS,PARQUE DUQUE,-22.786103,-43.298617,locais de votação,251,251
201,RJ,NILÓPOLIS,CENTRO,-22.810896,-43.420822,locais de votação,244,244
204,RJ,RIO DE JANEIRO,SAUDE,-22.899156,-43.205654,locais de votação,345,345
211,RJ,RIO DE JANEIRO,JARDIM BOTÂNICO,-22.992724,-43.236524,locais de votação,256,256
214,RJ,RIO DE JANEIRO,MEIER,-22.904449,-43.283973,locais de votação,337,337
216,RJ,RIO DE JANEIRO,DEL CASTILHO,-22.879169,-43.285343,locais de votação,213,213
218,RJ,RIO DE JANEIRO,CASCADURA,-22.857678,-43.344631,locais de votação,249,249
219,RJ,RIO DE JANEIRO,CASCADURA,-22.841195,-43.351654,locais de votação,258,258
221,RJ,NILÓPOLIS,CENTRO,-22.806366,-43.408352,locais de votação,205,205
222,RJ,NOVA FRIBURGO,CENTRO,-22.301748,-42.526408,locais de votação,303,303
225,RJ,SEROPÉDICA,JARDIM SAO JORGE,-22.765849,-43.676792,locais de votação,153,153
229,RJ,RIO DE JANEIRO,MARACANÃ,-22.918924,-43.211617,locais de votação,300,300
230,RJ,RIO DE JANEIRO,MAGALHÃES BASTOS,-22.852116,-43.486326,locais de votação,137,137
233,RJ,RIO DE JANEIRO,MAGALHÃES BASTOS,-22.87836,-43.448565,locais de votação,282,282
234,RJ,RIO DE JANEIRO,JARDIM SULACAP,-22.882578,-43.417796,locais de votação,194,194
238,RJ,RIO DE JANEIRO,MAGALHÃES BASTOS,-22.883946,-43.484666,locais de votação,260,260
241,RJ,RIO DE JANEIRO,SANTA CRUZ,-22.922312,-43.633102,locais de votação,148,148
242,RJ,RIO DE JANEIRO,CAMPO GRANDE,-22.911367,-43.571956,locais de votação,190,190
243,RJ,RIO DE JANEIRO,SANTA CRUZ,-22.977226,-43.603149,locais de votação,170,170
245,RJ,RIO DE JANEIRO,CAMPO GRANDE,-22.890657,-43.578593,locais de votação,273,273
246,RJ,RIO DE JANEIRO,SANTA CRUZ,-22.901728,-43.618865,locais de votação,236,236
254,RJ,MACAÉ,CENTRO,-22.346201,-41.759424,locais de votação,222,222
255,RJ,QUISSAMÃ,PITEIRAS,-22.112558,-41.471691,locais de votação,92,92
256,RJ,CABO FRIO,VILA NOVA,-22.833234,-42.009234,locais de votação,242,242
1,RN,NATAL,TIROL,-5.757024,-35.24629,locais de votação,285,281
2,RN,NATAL,TIROL,-5.801466,-35.223068,locais de votação,361,361
3,RN,NATAL,TIROL,-5.846077,-35.206487,locais de votação,312,310
4,RN,NATAL,TIROL,-5.832388,-35.241646,locais de votação,232,232
5,RN,MACAÍBA,CENTRO,-5.863385,-35.354592,locais de votação,214,197
6,RN,CEARÁ-MIRIM,CENTRO,-5.63986,-35.423787,locais de votação,187,177
7,RN,SÃO JOSÉ DE MIPIBU,CENTRO,-6.061383,-35.267113,locais de votação,135,135
8,RN,SÃO PAULO DO POTENGI,CENTRO,-5.894328,-35.765715,locais de votação,99,95
9,RN,GOIANINHA,CENTRO,-6.266943,-35.210422,locais de votação,160,160
10,RN,JOÃO CÂMARA,ZONA RURAL,-5.535573,-35.818475,locais de votação,118,118
11,RN,CANGUARETAMA,CENTRO,-6.377462,-35.141083,locais de votação,155,155
12,RN,NOVA CRUZ,FREI DAMIAO,-6.479157,-35.434264,locais de votação,157,157
13,RN,SANTO ANTÔNIO,CENTRO,-6.311858,-35.481952,locais de votação,120,120
14,RN,TOUROS,CENTRO,-5.200371,-35.544053,locais de votação,126,126
15,RN,SÃO JOSÉ DO CAMPESTRE,CENTRO,-6.3955,-35.708056,locais de votação,74,74
16,RN,SANTA CRUZ,CENTRO,-6.22826,-36.021672,locais de votação,117,117
17,RN,LAJES,CENTRO,-5.695703,-36.244047,locais de votação,85,85
18,RN,ANGICOS,CENTRO,-5.668263,-36.601421,locais de votação,117,117
19,RN,SÃO TOMÉ,CENTRO,-5.975272,-35.935671,locais de votação,65,65
20,RN,CURRAIS NOVOS,VALFREDO GALVAO,-6.251707,-36.512084,locais de votação,200,200
21,RN,FLORÂNIA,CENTRO,-6.146578,-36.719846,locais de votação,64,64
22,RN,ACARI,MAJOR ARY DE PINHO,-6.433522,-36.63954,locais de votação,77,77
23,RN,CAICÓ,MAYNARD,-6.58809,-36.944249,locais de votação,64,64
24,RN,PARELHAS,MARIA TERCEIRA,-6.693737,-36.658768,locais de votação,83,83
25,RN,CAICÓ,MAYNARD,-6.46343,-37.094372,locais de votação,138,138
26,RN,CAICÓ,MAYNARD,-6.665848,-37.349694,locais de votação,80,80
27,RN,JUCURUTU,CENTRO,-6.03269,-37.014777,locais de votação,82,82
29,RN,ASSÚ,NOVO HORIZONTE,-5.576013,-36.913085,locais de votação,127,127
30,RN,MACAU,CENTRO,-5.112344,-36.537438,locais de votação,127,127
31,RN,CAMPO GRANDE,ALTO DA ESPERANCA,-5.862784,-37.312411,locais de votação,63,57
32,RN,AREIA BRANCA,ILHA,-4.956843,-37.130956,locais de votação,135,135
33,RN,MOSSORÓ,ABOLICAO II,-5.184361,-37.354738,locais de votação,285,285
34,RN,MOSSORÓ,ABOLICAO II,-5.204679,-37.335884,locais de votação,261,255
35,RN,APODI,PEQUE,-5.659125,-37.799691,locais de votação,89,89
36,RN,CARAÚBAS,CENTRO,-5.790214,-37.557469,locais de votação,60,60
37,RN,PATU,PADRE JOSE CRUZA,-6.099743,-37.638303,locais de votação,77,77
38,RN,MARTINS,CENTRO,-6.111848,-37.91101,locais de votação,70,70
39,RN,UMARIZAL,CENTRO,-5.988678,-37.817906,locais de votação,74,60
40,RN,PAU DOS FERROS,PRINCESINHA DO OESTE,-6.112578,-38.205042,locais de votação,96,96
41,RN,ALEXANDRIA,CENTRO,-6.404533,-38.011813,locais de votação,96,96
42,RN,LUÍS GOMES,CENTRO,-6.41442,-38.323489,locais de votação,65,65
43,RN,SÃO MIGUEL,CENTRO,-6.211875,-38.494308,locais de votação,118,111
44,RN,MONTE ALEGRE,CENTRO,-6.123585,-35.364034,locais de votação,131,131
45,RN,APODI,PEQUE,-5.782258,-37.955958,locais de votação,76,71
46,RN,CEARÁ-MIRIM,CENTRO,-5.623484,-35.55732,locais de votação,110,108
47,RN,PENDÊNCIAS,CENTRO,-5.291635,-36.762315,locais de votação,106,106
49,RN,MOSSORÓ,ABOLICAO II,-5.461941,-37.26339,locais de votação,95,95
50,RN,PARNAMIRIM,CAJUPIRANGA,-5.915594,-35.261597,locais de votação,409,409
51,RN,SÃO GONÇALO DO AMARANTE,SANTA TEREZINHA,-5.776717,-35.296677,locais de votação,221,215
52,RN,SÃO BENTO DO NORTE,CENTRO,-5.098258,-35.98426,locais de votação,75,75
53,RN,TANGARÁ,CENTRO,-6.157988,-35.797778,locais de votação,102,98
54,RN,ASSÚ,CENTRO,-5.582603,-36.864457,locais de votação,77,77
58,RN,MOSSORÓ,CENTRO,-5.080867,-37.614745,locais de votação,111,111
62,RN,JOÃO CÂMARA,ALTO DO FERREIRA,-5.61942,-35.740812,locais de votação,96,96
63,RN,PORTALEGRE,CENTRO,-5.992543,-37.988181,locais de votação,44,44
64,RN,EXTREMOZ,CENTRO,-5.659512,-35.291374,locais de votação,165,153
65,RN,PAU DOS FERROS,PRINCESINHA DO OESTE,-6.206937,-38.225442,locais de votação,72,72
67,RN,NÍSIA FLORESTA,CENTRO,-6.111414,-35.162183,locais de votação,116,114
68,RN,SANTA CRUZ,CENTRO,-6.24381,-36.184895,locais de votação,77,77
69,RN,NATAL,TIROL,-5.739681,-35.253035,locais de votação,273,248
1,RO,GUAJARÁ-MIRIM,TAMANDARE,-10.768299,-65.321217,locais de votação,199,178
2,RO,PORTO VELHO,BAIXA UNIAO,-8.745191,-63.881433,locais de votação,404,385
3,RO,JI-PARANÁ,CENTRO,-10.882344,-61.962513,locais de votação,196,196
4,RO,VILHENA,JARDIM AMÉRICA,-12.73384,-60.133668,locais de votação,242,242
5,RO,COSTA MARQUES,CENTRO,-12.073164,-63.576205,locais de votação,82,82
6,RO,PORTO VELHO,BAIXA UNIAO,-8.798718,-63.89671,locais de votação,326,297
7,RO,ARIQUEMES,SETOR INSTITUCIONAL,-9.911853,-63.032636,locais de votação,272,272
8,RO,COLORADO DO OESTE,CENTRO,-13.119454,-60.546381,locais de votação,152,152
9,RO,PIMENTA BUENO,ALVORADA,-11.680297,-61.183526,locais de votação,134,133
10,RO,JARU,SETOR 02,-10.438969,-62.475101,locais de votação,165,165
11,RO,CACOAL,CENTRO,-11.428809,-61.44932,locais de votação,276,276
12,RO,ESPIGÃO DO OESTE,CENTRO,-11.52938,-61.013374,locais de votação,96,96
13,RO,OURO PRETO DO OESTE,DA UNIAO,-10.720887,-62.259201,locais de votação,133,133
15,RO,ROLIM DE MOURA,centro,-11.723355,-62.30698,locais de votação,92,85
16,RO,CEREJEIRAS,CENTRO,-13.18937,-60.822835,locais de votação,98,98
17,RO,ALTA FLORESTA D'OESTE,PRINCESA ISABEL,-11.930747,-62.003042,locais de votação,80,80
18,RO,ALVORADA DO OESTE,TRÊS PODERES,-11.222388,-62.365251,locais de votação,112,112
19,RO,SANTA LUZIA D'OESTE,CENTRO,-12.13463,-61.779261,locais de votação,105,105
20,RO,PORTO VELHO,BAIXA DA UNIAO,-8.769123,-63.874129,locais de votação,311,301
21,RO,PORTO VELHO,BAIXA UNIAO,-8.772981,-63.824245,locais de votação,298,298
25,RO,ARIQUEMES,SETOR INSTITUCIONAL,-9.726411,-63.315568,locais de votação,84,84
26,RO,ARIQUEMES,SETOR INSTITUCIONAL,-9.368628,-62.584072,locais de votação,67,67
27,RO,JARU,SETOR 02,-10.28063,-62.493784,locais de votação,64,64
28,RO,OURO PRETO DO OESTE,DA UNIAO,-10.916026,-62.55471,locais de votação,83,83
29,RO,ROLIM DE MOURA,CENTRO,-11.727244,-61.775316,locais de votação,162,162
30,RO,JI-PARANÁ,CENTRO,-10.883403,-61.919494,locais de votação,236,236
32,RO,MACHADINHO D'OESTE,CENTRO,-9.427466,-62.005918,locais de votação,120,119
34,RO,BURITIS,SETOR 02,-10.207222,-63.830707,locais de votação,107,105
35,RO,SÃO MIGUEL DO GUAPORÉ,CRISTO REI,-11.696837,-62.717366,locais de votação,95,95
1,RR,BOA VISTA,SAO PEDRO,2.822314,-60.702636,locais de votação,473,472
2,RR,CARACARAÍ,CENTRO,1.814377,-61.127499,locais de votação,56,54
3,RR,ALTO ALEGRE,CENTRO,2.990801,-61.306015,locais de votação,45,44
4,RR,SÃO LUIZ,CENTRO,0.94771,-59.914702,locais de votação,78,78
5,RR,BOA VISTA,PINTOLÂNDIA,2.80751,-60.737026,locais de votação,467,466
6,RR,MUCAJAÍ,CENTRO,2.444637,-60.968519,locais de votação,84,84
7,RR,PACARAIMA,CENTRO,4.441894,-61.130809,locais de votação,101,100
8,RR,RORAINÓPOLIS,PARK AMAZÔNIA I,0.940573,-60.428067,locais de votação,83,79
1,RS,PORTO ALEGRE,MENINO DEUS,-30.037786,-51.226236,locais de votação,314,314
2,RS,PORTO ALEGRE,CENTRO HISTÓRICO,-30.033181,-51.202563,locais de votação,353,353
3,RS,GAURAMA,CENTRO,-27.585615,-52.02114,locais de votação,77,77
4,RS,ESPUMOSO,CENTRO,-28.725891,-52.87137,locais de votação,100,100
5,RS,ALEGRETE,IBIRAPUITÃ,-29.788591,-55.791978,locais de votação,194,194
6,RS,ANTÔNIO PRADO,CENTRO,-28.857905,-51.283283,locais de votação,70,70
7,RS,BAGÉ,CENTRO,-31.325728,-54.113649,locais de votação,159,159
8,RS,BENTO GONÇALVES,SÃO FRANCISCO,-29.163548,-51.51553,locais de votação,294,294
9,RS,CAÇAPAVA DO SUL,CENTRO,-30.525313,-53.491641,locais de votação,138,131
10,RS,CACHOEIRA DO SUL,CENTRO,-30.032619,-52.905729,locais de votação,252,252
11,RS,SÃO SEBASTIÃO DO CAÍ,CENTRO,-29.592237,-51.327784,locais de votação,222,206
12,RS,CAMAQUÃ,CENTRO,-30.850619,-51.815806,locais de votação,249,249
13,RS,CANDELÁRIA,CENTRO,-29.673333,-52.790486,locais de votação,86,86
14,RS,CANGUÇU,CENTRO,-31.390732,-52.675348,locais de votação,159,159
15,RS,CARAZINHO,CENTRO,-28.289614,-52.791708,locais de votação,204,203
16,RS,CAXIAS DO SUL,CENTRO,-29.185956,-51.195588,locais de votação,366,366
17,RS,CRUZ ALTA,CENTRO,-28.645488,-53.605355,locais de votação,207,207
18,RS,DOM PEDRITO,SANTA TEREZINHA,-30.980699,-54.672258,locais de votação,110,110
19,RS,ENCRUZILHADA DO SUL,CENTRO,-30.549244,-52.520882,locais de votação,87,87
20,RS,ERECHIM,CENTRO,-27.631527,-52.266044,locais de votação,179,178
21,RS,ESTRELA,CENTRO,-29.501347,-51.947736,locais de votação,138,138
22,RS,GUAPORÉ,CENTRO,-28.842399,-51.895728,locais de votação,124,124
23,RS,IJUÍ,CENTRO,-28.381207,-53.915812,locais de votação,313,313
24,RS,ITAQUI,CENTRO,-29.132045,-56.548356,locais de votação,94,94
25,RS,JAGUARÃO,CENTRO,-32.558565,-53.376861,locais de votação,65,65
26,RS,JAGUARI,CENTRO,-29.448645,-54.694663,locais de votação,49,49
27,RS,JÚLIO DE CASTILHOS,CENTRO,-29.232861,-53.681083,locais de votação,69,69
28,RS,LAGOA VERMELHA,CENTRO,-28.214372,-51.529527,locais de votação,120,120
29,RS,LAJEADO,CENTRO,-29.45381,-51.986277,locais de votação,317,317
30,RS,SANT'ANA DO LIVRAMENTO,CENTRO,-30.888893,-55.528405,locais de votação,208,208
31,RS,MONTENEGRO,TIMBAÚVA,-29.688435,-51.474458,locais de votação,191,191
32,RS,PALMEIRA DAS MISSÕES,CENTRO,-27.897465,-53.303337,locais de votação,125,121
33,RS,PASSO FUNDO,CENTRO,-28.257622,-52.419223,locais de votação,235,226
34,RS,PELOTAS,AREAL,-31.76341,-52.335069,locais de votação,267,263
35,RS,PINHEIRO MACHADO,CENTRO,-31.579371,-53.384325,locais de votação,46,46
36,RS,QUARAÍ,CENTRO,-30.382072,-56.45286,locais de votação,59,58
37,RS,RIO GRANDE,COHAB IV,-32.040439,-52.102354,locais de votação,246,246
38,RS,RIO PARDO,CENTRO,-29.982307,-52.375734,locais de votação,130,130
39,RS,ROSÁRIO DO SUL,CENTRO,-30.256045,-54.920084,locais de votação,104,104
40,RS,SANTA CRUZ DO SUL,CENTRO,-29.702716,-52.434205,locais de votação,257,257
41,RS,SANTA MARIA,NOSSA SENHORA DE LOURDES,-29.694327,-53.825912,locais de votação,322,311
42,RS,SANTA ROSA,CENTRO,-27.86367,-54.482133,locais de votação,220,220
43,RS,SANTA VITÓRIA DO PALMAR,CENTRO,-33.523604,-53.363023,locais de votação,90,90
44,RS,SANTIAGO,CENTRO,-29.185864,-54.867008,locais de votação,171,171
45,RS,SANTO ÂNGELO,CENTRO,-28.303509,-54.265363,locais de votação,268,262
46,RS,SANTO ANTÔNIO DA PATRULHA,PITANGUEIRAS,-29.827154,-50.517994,locais de votação,128,128
47,RS,SÃO BORJA,CENTRO,-28.654496,-56.005684,locais de votação,152,146
48,RS,SÃO FRANCISCO DE PAULA,CENTRO,-29.442842,-50.573222,locais de votação,80,80
49,RS,SÃO GABRIEL,CENTRO,-30.334218,-54.322637,locais de votação,173,173
50,RS,SÃO JERÔNIMO,CENTRO,-29.966111,-51.722222,locais de votação,207,205
51,RS,SÃO LEOPOLDO,CENTRO,-29.744777,-51.155352,locais de votação,243,243
52,RS,SÃO LUIZ GONZAGA,CENTRO,-28.402668,-54.960834,locais de votação,201,194
53,RS,SOBRADINHO,CENTRO,-29.41263,-53.015758,locais de votação,141,141
54,RS,SOLEDADE,CENTRO,-28.830528,-52.511143,locais de votação,172,164
55,RS,TAQUARA,RECREIO,-29.64793,-50.785218,locais de votação,326,326
56,RS,TAQUARI,CENTRO,-29.787238,-51.862855,locais de votação,81,81
57,RS,URUGUAIANA,SÃO JOÃO,-29.766624,-57.080875,locais de votação,292,292
58,RS,VACARIA,CENTRO,-28.504068,-50.93906,locais de votação,202,201
59,RS,VIAMÃO,CENTRO,-30.085088,-51.034228,locais de votação,247,247
60,RS,PELOTAS,AREAL,-31.718322,-52.331002,locais de votação,333,332
61,RS,FARROUPILHA,CENTRO,-29.22611,-51.348354,locais de votação,178,178
62,RS,MARAU,CENTRO,-28.453643,-52.199881,locais de votação,167,162
63,RS,BOM JESUS,CENTRO,-28.681731,-50.431,locais de votação,61,61
64,RS,RODEIO BONITO,CENTRO,-27.474134,-53.183376,locais de votação,82,82
65,RS,CANELA,CENTRO,-29.368132,-50.835463,locais de votação,196,194
66,RS,CANOAS,CENTRO,-29.90946,-51.195922,locais de votação,416,416
67,RS,ENCANTADO,CENTRO,-29.235122,-51.872686,locais de votação,132,132
68,RS,FLORES DA CUNHA,CENTRO,-29.030419,-51.188661,locais de votação,85,83
69,RS,SÃO VICENTE DO SUL,CENTRO,-29.694638,-54.679971,locais de votação,69,69
70,RS,GETÚLIO VARGAS,CENTRO,-27.890644,-52.234106,locais de votação,105,105
71,RS,GRAVATAÍ,SALGADO FILHO,-29.930136,-50.977613,locais de votação,278,278
72,RS,VIAMÃO,CENTRO,-30.069405,-51.093032,locais de votação,234,233
73,RS,SÃO LEOPOLDO,CENTRO,-29.769612,-51.128106,locais de votação,234,234
74,RS,ALVORADA,SUMARE,-30.02241,-51.06843,locais de votação,211,210
75,RS,NOVA PRATA,CENTRO,-28.77257,-51.611284,locais de votação,101,101
76,RS,NOVO HAMBURGO,PATRIA NOVA,-29.676404,-51.133106,locais de votação,277,277
77,RS,OSÓRIO,CENTRO,-29.887541,-50.25484,locais de votação,167,167
78,RS,PIRATINI,CENTRO,-31.445563,-53.101443,locais de votação,58,58
79,RS,SÃO FRANCISCO DE ASSIS,CENTRO,-29.55631,-55.127743,locais de votação,79,79
80,RS,SÃO LOURENÇO DO SUL,CENTRO,-31.361439,-51.991239,locais de votação,123,123
81,RS,SÃO PEDRO DO SUL,CENTRO,-29.61978,-54.179049,locais de votação,95,90
82,RS,SÃO SEPÉ,CENTRO,-30.166839,-53.571821,locais de votação,79,79
83,RS,SARANDI,VILA MARIA,-27.938182,-52.924954,locais de votação,100,92
84,RS,TAPES,CENTRO,-30.660865,-51.527002,locais de votação,79,79
85,RS,TORRES,PREDIAL,-29.339862,-49.794922,locais de votação,182,182
86,RS,TRÊS PASSOS,CENTRO,-27.453323,-53.937507,locais de votação,100,100
87,RS,TUPANCIRETÃ,CENTRO,-29.084852,-53.838007,locais de votação,63,63
88,RS,VERANÓPOLIS,CENTRO,-28.937437,-51.551662,locais de votação,100,100
89,RS,TRÊS DE MAIO,ORIENTAL,-27.778223,-54.194461,locais de votação,149,149
90,RS,GUAÍBA,CORONEL NASSUCA,-30.112974,-51.331095,locais de votação,303,303
91,RS,CRISSIUMAL,CENTRO,-27.501488,-54.093089,locais de votação,76,76
92,RS,ARROIO GRANDE,CENTRO,-32.234675,-53.084148,locais de votação,74,73
93,RS,VENÂNCIO AIRES,- CENTRO,-29.608162,-52.193188,locais de votação,213,213
94,RS,FREDERICO WESTPHALEN,CENTRO,-27.350206,-53.401004,locais de votação,195,195
95,RS,SANANDUVA,CENTRO,-27.93916,-51.812239,locais de votação,114,114
96,RS,CERRO LARGO,CENTRO,-28.130161,-54.755752,locais de votação,155,155
97,RS,ESTEIO,CENTRO,-29.853802,-51.161352,locais de votação,215,215
98,RS,GARIBALDI,CENTRO,-29.256904,-51.530439,locais de votação,96,96
99,RS,NONOAI,CENTRO,-27.367363,-52.841909,locais de votação,69,69
100,RS,TAPEJARA,BAIRRO CENTRO,-28.066447,-52.013481,locais de votação,112,112
101,RS,TENENTE PORTELA,CENTRO,-27.370016,-53.757707,locais de votação,97,97
102,RS,SANTO CRISTO,CENTRO,-27.816197,-54.752523,locais de votação,114,114
103,RS,SÃO JOSÉ DO OURO,CENTRO,-27.7699,-51.613172,locais de votação,79,78
104,RS,ARROIO DO MEIO,CENTRO,-29.375141,-51.961689,locais de votação,102,102
105,RS,CAMPO BOM,CENTRO,-29.67801,-51.060505,locais de votação,166,166
107,RS,SANTO AUGUSTO,CENTRO,-27.851403,-53.885017,locais de votação,96,96
108,RS,SAPUCAIA DO SUL,CENTRO,-29.825588,-51.14553,locais de votação,300,300
110,RS,TRAMANDAÍ,CENTRO,-30.002092,-50.146947,locais de votação,228,220
111,RS,PORTO ALEGRE,CENTRO HISTÓRICO,-30.019968,-51.180525,locais de votação,291,287
112,RS,PORTO ALEGRE,CENTRO HISTÓRICO,-30.014701,-51.14395,locais de votação,313,313
113,RS,PORTO ALEGRE,CENTRO HISTÓRICO,-30.053139,-51.184321,locais de votação,312,312
114,RS,PORTO ALEGRE,CENTRO HISTÓRICO,-30.078493,-51.213146,locais de votação,312,306
115,RS,PANAMBI,CENTRO,-28.299365,-53.49847,locais de votação,150,150
116,RS,BUTIÁ,CENTRO,-30.12451,-51.96889,locais de votação,66,66
117,RS,NÃO-ME-TOQUE,CENTRO,-28.462302,-52.817279,locais de votação,71,71
118,RS,ESTÂNCIA VELHA,CENTRO,-29.65191,-51.16761,locais de votação,182,182
119,RS,FAXINAL DO SOTURNO,CENTRO,-29.587088,-53.358012,locais de votação,117,117
120,RS,HORIZONTINA,CENTRO,-27.624414,-54.315789,locais de votação,109,109
121,RS,IBIRUBÁ,CENTRO,-28.629456,-53.093014,locais de votação,66,66
122,RS,MOSTARDAS,CENTRO,-31.107826,-50.920737,locais de votação,47,47
123,RS,PEDRO OSÓRIO,CENTRO,-31.862854,-52.817525,locais de votação,49,45
124,RS,ALVORADA,SUMARE,-29.997081,-51.068231,locais de votação,208,208
125,RS,TEUTÔNIA,CENTRO ADMINISTRATIVO,-29.4714,-51.806799,locais de votação,120,120
127,RS,GIRUÁ,LEIMANN,-28.028114,-54.356671,locais de votação,58,58
128,RS,PASSO FUNDO,CENTRO,-28.266329,-52.389657,locais de votação,242,240
129,RS,NOVA PETRÓPOLIS,CENTRO,-29.374608,-51.113015,locais de votação,70,70
130,RS,SÃO JOSÉ DO NORTE,CENTRO,-32.012225,-52.040202,locais de votação,78,77
131,RS,SAPIRANGA,SETE DE SETEMBRO,-29.633978,-50.995925,locais de votação,235,235
132,RS,SEBERI,CENTRO,-27.486796,-53.40525,locais de votação,69,69
133,RS,TRIUNFO,CENTRO,-29.899885,-51.693162,locais de votação,70,70
134,RS,CANOAS,CENTRO,-29.921045,-51.162555,locais de votação,393,392
135,RS,SANTA MARIA,NOSSA SENHORA DE LOURDES,-29.690662,-53.797034,locais de votação,345,345
136,RS,CAXIAS DO SUL,CENTRO,-29.151792,-51.186378,locais de votação,364,364
137,RS,SÃO MARCOS,CENTRO,-28.969338,-51.068918,locais de votação,54,54
138,RS,CASCA,CENTRO,-28.561831,-51.845936,locais de votação,102,102
140,RS,CORONEL BICACO,CENTRO,-27.672656,-53.706022,locais de votação,76,76
141,RS,SANTO ANTÔNIO DAS MISSÕES,CENTRO,-28.507684,-55.229258,locais de votação,48,48
142,RS,BAGÉ,CENTRO,-31.334452,-54.087938,locais de votação,169,166
143,RS,CACHOEIRINHA,VILA PRINCESA IZABEL,-29.929212,-51.081431,locais de votação,276,269
144,RS,PLANALTO,CENTRO,-27.330514,-53.059918,locais de votação,49,49
145,RS,ARVOREZINHA,CENTRO,-28.919038,-52.154178,locais de votação,83,83
146,RS,CONSTANTINA,BAIRRO CENTRO,-27.734117,-52.992807,locais de votação,78,78
148,RS,ERECHIM,CENTRO,-27.64729,-52.292119,locais de votação,216,216
149,RS,IGREJINHA,BOM PASTOR,-29.560371,-50.79154,locais de votação,140,140
150,RS,CAPÃO DA CANOA,CENTRO,-29.757657,-50.02177,locais de votação,144,144
151,RS,BARRA DO RIBEIRO,CENTRO,-30.30819,-51.467645,locais de votação,64,64
152,RS,CARLOS BARBOSA,CENTRO,-29.307551,-51.504194,locais de votação,119,119
153,RS,DOIS IRMÃOS,CENTRO,-29.58406,-51.083799,locais de votação,122,122
154,RS,ARROIO DO TIGRE,CENTRO,-29.17176,-53.090458,locais de votação,106,102
155,RS,AUGUSTO PESTANA,CENTRO,-28.606498,-54.020467,locais de votação,53,53
156,RS,PALMARES DO SUL,CENTRO,-30.263732,-50.502891,locais de votação,46,46
157,RS,RESTINGA SÊCA,CENTRO,-29.817745,-53.374823,locais de votação,92,92
158,RS,PORTO ALEGRE,CENTRO HISTÓRICO,-30.007523,-51.107625,locais de votação,298,298
159,RS,PORTO ALEGRE,CENTRO HISTÓRICO,-30.068877,-51.143805,locais de votação,304,289
160,RS,PORTO ALEGRE,CENTRO HISTÓRICO,-30.110303,-51.232018,locais de votação,274,274
161,RS,PORTO ALEGRE,CENTRO HISTÓRICO,-30.156637,-51.161325,locais de votação,277,277
162,RS,SANTA CRUZ DO SUL,CENTRO,-29.738355,-52.441599,locais de votação,249,249
163,RS,RIO GRANDE,COHAB IV,-32.058306,-52.152981,locais de votação,229,218
164,RS,PELOTAS,CENTRO,-31.755145,-52.383202,locais de votação,262,261
165,RS,FELIZ,CENTRO,-29.413839,-51.302733,locais de votação,73,73
166,RS,CAMPINA DAS MISSÕES,CENTRO,-27.977779,-54.839764,locais de votação,79,79
168,RS,SÃO VALENTIM,CENTRO,-27.463263,-52.599924,locais de votação,51,51
169,RS,CAXIAS DO SUL,CENTRO,-29.160277,-51.143221,locais de votação,368,368
172,RS,NOVO HAMBURGO,PATRIA NOVA,-29.69744,-51.103591,locais de votação,272,272
173,RS,GRAVATAÍ,SALGADO FILHO,-29.934735,-51.046395,locais de votação,289,289
1,SC,ARARANGUÁ,URUSSANGUINHA,-28.944467,-49.480181,locais de votação,206,205
2,SC,BIGUAÇU,CENTRO,-27.496546,-48.647485,locais de votação,221,193
3,SC,BLUMENAU,CENTRO,-26.91789,-49.090438,locais de votação,415,415
4,SC,BOM RETIRO,CENTRO,-27.796894,-49.491325,locais de votação,91,91
5,SC,BRUSQUE,CENTRO,-27.095608,-48.943287,locais de votação,149,149
6,SC,CAÇADOR,CENTRO,-26.779716,-51.008805,locais de votação,210,207
7,SC,CAMPOS NOVOS,CENTRO,-27.39695,-51.218254,locais de votação,105,105
8,SC,CANOINHAS,CENTRO,-26.178732,-50.390324,locais de votação,230,230
9,SC,CONCÓRDIA,CENTRO,-27.235807,-52.022469,locais de votação,152,150
10,SC,CRICIÚMA,CENTRO,-28.678762,-49.36516,locais de votação,193,191
11,SC,CURITIBANOS,SAO FRANCISCO,-27.288024,-50.573675,locais de votação,154,153
12,SC,FLORIANÓPOLIS,CENTRO,-27.590369,-48.579101,locais de votação,408,408
13,SC,FLORIANÓPOLIS,CENTRO,-27.64536,-48.517771,locais de votação,365,364
14,SC,IBIRAMA,CENTRO,-27.045227,-49.620505,locais de votação,146,146
15,SC,INDAIAL,CENTRO,-26.902337,-49.246283,locais de votação,221,221
16,SC,ITAJAÍ,CENTRO,-26.909081,-48.668225,locais de votação,203,203
17,SC,JARAGUÁ DO SUL,CENTRO,-26.500527,-49.089732,locais de votação,220,219
18,SC,JOAÇABA,CENTRO,-27.166896,-51.516921,locais de votação,136,135
19,SC,JOINVILLE,CENTRO,-26.278698,-48.854217,locais de votação,252,252
20,SC,LAGUNA,PROGRESSO,-28.473849,-48.787709,locais de votação,144,143
21,SC,LAGES,CENTRO,-27.813679,-50.31149,locais de votação,193,193
22,SC,MAFRA,Nossa Senhora Aparecida,-26.122795,-49.813604,locais de votação,138,137
23,SC,ORLEANS,CONDE D'EU,-28.382162,-49.364551,locais de votação,104,89
24,SC,PALHOÇA,PASSA VINTE,-27.655146,-48.66812,locais de votação,400,400
25,SC,PORTO UNIÃO,CENTRO,-26.254404,-51.072676,locais de votação,132,128
26,SC,RIO DO SUL,JARDIM AMÉRICA,-27.215079,-49.64399,locais de votação,148,148
27,SC,SÃO FRANCISCO DO SUL,CENTRO,-26.33049,-48.632708,locais de votação,215,215
28,SC,SÃO JOAQUIM,CENTRO,-28.292267,-49.931878,locais de votação,95,85
29,SC,SÃO JOSÉ,PRAIA COMPRIDA,-27.596361,-48.638735,locais de votação,270,256
30,SC,SÃO BENTO DO SUL,CENTRO,-26.242803,-49.382101,locais de votação,210,210
31,SC,TIJUCAS,CENTRO,-27.218569,-48.623205,locais de votação,218,218
32,SC,TIMBÓ,CENTRO,-26.821416,-49.278976,locais de votação,136,135
33,SC,TUBARÃO,CENTRO,-28.496313,-49.023937,locais de votação,270,257
34,SC,URUSSANGA,CENTRO,-28.5962,-49.319388,locais de votação,140,140
35,SC,CHAPECÓ,CENTRO,-27.100107,-52.609929,locais de votação,257,257
36,SC,VIDEIRA,SANTA TEREZA,-27.002722,-51.157982,locais de votação,146,146
37,SC,CAPINZAL,CENTRO,-27.364547,-51.613697,locais de votação,112,112
38,SC,ITAIÓPOLIS,CENTRO,-26.388555,-49.912504,locais de votação,79,74
39,SC,ITUPORANGA,SEMINÁRIO,-27.444292,-49.57679,locais de votação,138,138
41,SC,PALMITOS,CENTRO,-27.073711,-53.250398,locais de votação,111,111
42,SC,TURVO,CIDADE ALTA,-28.919674,-49.715691,locais de votação,105,105
43,SC,XANXERÊ,CENTRO,-26.874492,-52.39897,locais de votação,149,149
44,SC,BRAÇO DO NORTE,CENTRO,-28.275143,-49.164593,locais de votação,150,150
45,SC,SÃO MIGUEL DO OESTE,CENTRO,-26.73919,-53.521637,locais de votação,142,142
46,SC,TAIÓ,PADRE EDUARDO,-27.095145,-50.003114,locais de votação,96,96
47,SC,TANGARÁ,CENTRO,-27.090873,-51.250919,locais de votação,75,75
48,SC,XAXIM,CENTRO,-26.961855,-52.535806,locais de votação,94,94
49,SC,SÃO LOURENÇO DO OESTE,CENTRO,-26.400411,-52.837453,locais de votação,124,124
50,SC,DIONÍSIO CERQUEIRA,CENTRO,-26.403325,-53.546842,locais de votação,104,104
51,SC,SANTA CECÍLIA,CENTRO,-26.962147,-50.42333,locais de votação,59,59
52,SC,ANITA GARIBALDI,CENTRO,-27.687228,-51.025819,locais de votação,81,81
53,SC,SÃO JOÃO BATISTA,CENTRO,-27.279643,-48.851379,locais de votação,110,78
54,SC,SOMBRIO,CENTRO,-29.142528,-49.6651,locais de votação,195,195
55,SC,POMERODE,CENTRO,-26.737093,-49.177352,locais de votação,106,106
56,SC,BALNEÁRIO CAMBORIÚ,CENTRO,-26.993067,-48.635221,locais de votação,223,214
57,SC,TROMBUDO CENTRAL,CIDADE ALTA,-27.309107,-49.843411,locais de votação,104,101
58,SC,MARAVILHA,CENTRO,-26.767184,-53.187994,locais de votação,97,97
60,SC,GUARAMIRIM,NOVA ESPERANÇA,-26.474511,-48.988216,locais de votação,137,137
61,SC,SEARA,CENTRO,-27.161005,-52.3186,locais de votação,99,99
62,SC,IMARUÍ,CENTRO,-28.319981,-48.818131,locais de votação,35,34
63,SC,PONTE SERRADA,CENTRO,-26.871196,-52.018675,locais de votação,70,70
64,SC,GASPAR,SETE DE SETEMBRO,-26.92726,-48.94125,locais de votação,182,172
65,SC,ITAPIRANGA,CENTRO,-27.073454,-53.640031,locais de votação,107,107
66,SC,PINHALZINHO,CENTRO,-26.848561,-52.986748,locais de votação,108,108
67,SC,SANTO AMARO DA IMPERATRIZ,CENTRO,-27.689171,-48.818641,locais de votação,151,148
68,SC,BALNEÁRIO PIÇARRAS,CENTRO,-26.740238,-48.685775,locais de votação,205,205
69,SC,CAMPO ERÊ,CENTRO,-26.395073,-53.080617,locais de votação,64,64
70,SC,SÃO CARLOS,CENTRO,-27.078373,-52.984585,locais de votação,89,89
71,SC,ABELARDO LUZ,CENTRO,-26.586301,-52.331824,locais de votação,76,76
73,SC,IMBITUBA,CENTRO,-28.214104,-48.674082,locais de votação,179,178
74,SC,RIO NEGRINHO,BELA VISTA,-26.25363,-49.517066,locais de votação,100,100
76,SC,JOINVILLE,CENTRO,-26.345397,-48.812615,locais de votação,288,286
77,SC,FRAIBURGO,SÃO JOSÉ,-27.030439,-50.918195,locais de votação,153,152
78,SC,QUILOMBO,CENTRO,-26.723527,-52.759875,locais de votação,76,76
79,SC,IÇARA,CENTRO,-28.719985,-49.29541,locais de votação,168,168
81,SC,PAPANDUVA,CENTRO,-26.422844,-50.162422,locais de votação,74,74
82,SC,SÃO MIGUEL DO OESTE,CENTRO,-26.601274,-53.518872,locais de votação,91,91
83,SC,MODELO,CENTRO,-26.778212,-53.095965,locais de votação,71,71
84,SC,SÃO JOSÉ,PRAIA COMPRIDA,-27.561666,-48.62042,locais de votação,271,270
85,SC,JOAÇABA,CENTRO,-27.173274,-51.496794,locais de votação,106,105
86,SC,BRUSQUE,CENTRO,-27.115526,-48.907319,locais de votação,187,186
87,SC,JARAGUÁ DO SUL,CENTRO,-26.467087,-49.1079,locais de votação,215,215
88,SC,BLUMENAU,CENTRO,-26.869432,-49.085425,locais de votação,301,301
90,SC,CONCÓRDIA,CENTRO,-27.195737,-52.05067,locais de votação,137,89
91,SC,ITAPEMA,CENTRO,-27.11588,-48.611689,locais de votação,136,131
92,SC,CRICIÚMA,CENTRO,-28.669686,-49.407842,locais de votação,181,175
93,SC,LAGES,CENTRO,-27.773914,-50.306332,locais de votação,196,196
94,SC,CHAPECÓ,CENTRO,-27.093817,-52.635006,locais de votação,260,258
95,SC,JOINVILLE,CENTRO,-26.282568,-48.813808,locais de votação,227,227
96,SC,JOINVILLE,CENTRO,-26.331124,-48.852511,locais de votação,230,229
97,SC,ITAJAÍ,VILA OPERÁRIA,-26.90235,-48.69808,locais de votação,288,287
98,SC,CRICIÚMA,CENTRO,-28.702209,-49.428505,locais de votação,210,167
99,SC,TUBARÃO,CENTRO,-28.441158,-49.016015,locais de votação,214,212
100,SC,FLORIANÓPOLIS,CENTRO,-27.455282,-48.454411,locais de votação,351,348
102,SC,RIO DO SUL,JARDIM AMÉRICA,-27.22037,-49.690757,locais de votação,120,116
103,SC,BALNEÁRIO CAMBORIÚ,CENTRO,-27.017324,-48.6507,locais de votação,231,231
104,SC,LAGES,CENTRO,-27.82473,-50.344284,locais de votação,175,174
105,SC,JOINVILLE,CENTRO,-26.21468,-48.817658,locais de votação,309,303
106,SC,NAVEGANTES,CENTRO,-26.870883,-48.660751,locais de votação,190,173
1,SE,ARACAJU,CENTRO,-10.895144,-37.079781,locais de votação,413,322
2,SE,ARACAJU,CENTRO,-10.92166,-37.064074,locais de votação,625,585
3,SE,AQUIDABÃ,CENTRO,-10.278936,-37.019737,locais de votação,112,111
4,SE,BOQUIM,CENTRO,-11.14721,-37.630328,locais de votação,203,200
5,SE,CAPELA,VILA CONCEIÇÃO,-10.504005,-37.05324,locais de votação,156,156
6,SE,ESTÂNCIA,SANTA CRUZ,-11.2495,-37.39796,centroide dos municípios,187,0
8,SE,GARARU,CENTRO,-10.076783,-37.143846,centroide dos municípios,85,0
9,SE,ITABAIANA,SERRANO,-10.688535,-37.42955,locais de votação,255,233
11,SE,JAPARATUBA,CENTRO,-10.653327,-36.941701,locais de votação,125,116
12,SE,LAGARTO,EXPOSICAO,-10.902701,-37.664411,centroide dos municípios,299,0
13,SE,LARANJEIRAS,CENTRO,-10.804543,-37.186154,centroide dos municípios,152,0
14,SE,MARUIM,CENTRO,-10.68793,-37.033464,locais de votação,153,139
15,SE,NEÓPOLIS,CENTRO,-10.456621,-36.646959,centroide dos municípios,194,0
16,SE,NOSSA SENHORA DAS DORES,CENTRO,-10.476172,-37.193464,locais de votação,118,118
17,SE,NOSSA SENHORA DA GLÓRIA,NOVA ESPERANÇA,-10.215791,-37.418919,locais de votação,120,120
18,SE,PORTO DA FOLHA,COROA DO MEIO,-9.924088,-37.434182,locais de votação,119,119
19,SE,PROPRIÁ,BELA VISTA,-10.346681,-36.884766,locais de votação,164,8
21,SE,SÃO CRISTÓVÃO,ROMUALDO PRADO,-10.934777,-37.124008,locais de votação,195,178
22,SE,SIMÃO DIAS,CENTRO,-10.738377,-37.832003,locais de votação,212,200
23,SE,TOBIAS BARRETO,CENTRO,-11.180596,-38.001844,locais de votação,146,146
24,SE,CAMPO DO BRITO,CENTRO,-10.746891,-37.537219,locais de votação,115,112
26,SE,RIBEIRÓPOLIS,CENTRO,-10.578416,-37.363135,locais de votação,210,200
27,SE,ARACAJU,SÃO JOSÉ,-10.970671,-37.080553,locais de votação,389,314
28,SE,CANINDÉ DE SÃO FRANCISCO,CENTRO,-9.771623,-37.78441,locais de votação,141,135
29,SE,CARIRA,CENTRO,-10.363727,-37.710543,centroide dos municípios,99,0
30,SE,CRISTINÁPOLIS,CENTRO,-11.312178,-37.790333,locais de votação,195,192
31,SE,ITAPORANGA D'AJUDA,CENTRO,-10.999925,-37.328542,locais de votação,152,152
34,SE,NOSSA SENHORA DO SOCORRO,CENTRO,-10.856924,-37.085881,locais de votação,357,334
35,SE,UMBAÚBA,CENTRO,-11.399933,-37.528848,centroide dos municípios,159,0
1,SP,SÃO PAULO,BELA VISTA,-23.555873,-46.645549,locais de votação,488,488
2,SP,SÃO PAULO,AGUA BRANCA,-23.533857,-46.666801,locais de votação,570,570
3,SP,SÃO PAULO,BOM RETIRO,-23.537367,-46.627643,locais de votação,229,228
4,SP,SÃO PAULO,MOOCA,-23.555227,-46.590328,locais de votação,446,429
5,SP,SÃO PAULO,ITAIM BIBI,-23.579762,-46.670753,locais de votação,341,324
6,SP,SÃO PAULO,VILA CLEMENTINO,-23.575708,-46.635519,locais de votação,444,444
7,SP,AGUDOS,CENTRO,-22.471399,-48.989518,locais de votação,99,99
8,SP,AMPARO,CENTRO,-22.707143,-46.769713,locais de votação,188,188
9,SP,ANDRADINA,STELLA MARIS,-20.897687,-51.380891,locais de votação,215,214
10,SP,APIAÍ,CENTRO,-24.51036,-48.848527,locais de votação,121,106
11,SP,ARAÇATUBA,HIGIENOPOLIS,-21.214717,-50.4439,locais de votação,229,166
12,SP,PARAGUAÇU PAULISTA,CENTRO,-22.419281,-50.578046,locais de votação,113,113
13,SP,ARARAQUARA,CENTRO,-21.783429,-48.186645,locais de votação,303,303
14,SP,ARARAS,JARDIM BELVEDERE,-22.356572,-47.380122,locais de votação,282,282
15,SP,ASSIS,VILA CLEMENTINA,-22.659165,-50.421781,locais de votação,235,235
16,SP,ATIBAIA,CENTRO,-23.121411,-46.56226,locais de votação,523,523
17,SP,AVARÉ,CENTRO,-23.102421,-48.925664,locais de votação,214,205
18,SP,BANANAL,CENTRO,-22.682203,-44.328034,locais de votação,47,47
19,SP,BARIRI,CENTRO,-22.075029,-48.73931,locais de votação,76,76
20,SP,SÃO PAULO,CAPAO REDONDO,-23.680219,-46.786841,locais de votação,441,441
21,SP,BARRETOS,CENTRO,-20.554983,-48.568413,locais de votação,274,274
22,SP,BATATAIS,CENTRO,-20.894011,-47.58621,locais de votação,143,143
23,SP,BAURU,VILA SANTA TEREZA,-22.333805,-49.08688,locais de votação,366,364
24,SP,BEBEDOURO,CENTRO,-20.940425,-48.510738,centroide dos municípios,179,0
25,SP,BIRIGUI,CENTRO,-21.293256,-50.338241,locais de votação,313,313
26,SP,BOTUCATU,CENTRO,-22.886006,-48.445529,locais de votação,383,382
27,SP,BRAGANÇA PAULISTA,CENTRO,-22.946297,-46.537982,locais de votação,299,299
28,SP,BROTAS,CENTRO,-22.284623,-48.126841,locais de votação,78,78
29,SP,CAÇAPAVA,CENTRO,-23.105398,-45.707008,locais de votação,248,248
30,SP,CACONDE,CENTRO,-21.527476,-46.65256,locais de votação,70,70
31,SP,CAFELÂNDIA,CENTRO,-21.80934,-49.60351,locais de votação,68,68
32,SP,CAJURU,CENTRO,-21.277674,-47.304005,locais de votação,77,77
33,SP,CAMPINAS,CENTRO,-22.901112,-47.055901,locais de votação,202,202
34,SP,VALINHOS,CENTRO,-22.964657,-46.994304,locais de votação,272,272
35,SP,CAMPOS DO JORDÃO,VILA ABERNESSIA,-22.739287,-45.586418,locais de votação,131,131
36,SP,CANANÉIA,CENTRO,-25.011857,-47.934874,locais de votação,44,44
37,SP,CAPÃO BONITO,VILA NOVA CAPAO BONITO,-24.009468,-48.351368,locais de votação,202,202
38,SP,CAPIVARI,CENTRO,-22.997461,-47.515286,locais de votação,154,154
39,SP,CASA BRANCA,CENTRO,-21.778236,-47.094504,locais de votação,148,148
40,SP,CATANDUVA,CENTRO,-21.136187,-48.970624,locais de votação,267,267
41,SP,CONCHAS,CENTRO,-23.031383,-48.015178,locais de votação,100,100
42,SP,CRUZEIRO,CENTRO,-22.574317,-44.958659,locais de votação,232,232
43,SP,CUNHA,ALTO DO CRUZEIRO,-23.072499,-44.957061,locais de votação,57,57
44,SP,DESCALVADO,CENTRO,-21.906175,-47.618273,locais de votação,72,72
46,SP,FRANCA,SÃO JOSÉ,-20.544336,-47.380701,locais de votação,394,394
47,SP,GARÇA,WILLIAMS,-22.214598,-49.653437,locais de votação,168,167
48,SP,GUARATINGUETÁ,CENTRO,-22.800308,-45.19483,locais de votação,299,299
49,SP,IBITINGA,CENTRO,-21.756184,-48.826791,locais de votação,216,214
50,SP,IGARAPAVA,CENTRO,-20.043532,-47.747985,locais de votação,89,89
51,SP,IGUAPE,CENTRO,-24.711798,-47.557702,locais de votação,109,109
52,SP,ITAPETININGA,CENTRO,-23.588025,-48.044439,locais de votação,417,417
53,SP,ITAPEVA,VILA OPHELIA,-23.982152,-48.878072,locais de votação,406,404
54,SP,ITAPIRA,CENTRO,-22.434717,-46.8215,locais de votação,160,160
55,SP,ITÁPOLIS,CENTRO,-21.602666,-48.814197,locais de votação,120,120
56,SP,ITAPORANGA,CENTRO,-23.706665,-49.486426,locais de votação,62,62
57,SP,ITARARÉ,CENTRO,-24.111855,-49.332586,locais de votação,124,124
58,SP,ITATIBA,VILA SANTA CLARA,-23.00614,-46.835934,locais de votação,266,266
59,SP,ITU,BAIRRO BRASIL,-23.270189,-47.299043,locais de votação,467,467
60,SP,ITUVERAVA,CIDADE UNIVERSITARIA,-20.339262,-47.790173,locais de votação,152,152
61,SP,JABOTICABAL,CENTRO,-21.254669,-48.31973,locais de votação,188,188
62,SP,JACAREÍ,JARDIM LEONÍDIA,-23.306901,-45.983857,locais de votação,294,294
63,SP,JAÚ,CENTRO,-22.293295,-48.558475,locais de votação,325,324
64,SP,JOSÉ BONIFÁCIO,CENTRO,-21.059838,-49.68399,locais de votação,122,122
65,SP,JUNDIAÍ,CENTRO,-23.153358,-46.98691,locais de votação,389,389
66,SP,LIMEIRA,CENTRO,-22.560879,-47.407602,locais de votação,355,355
67,SP,LINS,CENTRO,-21.673372,-49.74739,locais de votação,185,184
68,SP,LORENA,CENTRO,-22.737703,-45.122229,locais de votação,239,184
69,SP,LUCÉLIA,CENTRO,-21.72706,-51.014356,locais de votação,77,77
70,SP,MARÍLIA,MARÍLIA,-22.222827,-49.955891,locais de votação,312,312
71,SP,MARTINÓPOLIS,CENTRO,-22.151047,-51.174527,locais de votação,74,74
72,SP,MIRASSOL,CENTRO,-20.81918,-49.510792,locais de votação,196,196
73,SP,MOCOCA,CENTRO,-21.467515,-47.006668,locais de votação,153,147
74,SP,MOGI DAS CRUZES,CENTRO,-23.532313,-46.187214,locais de votação,308,308
75,SP,MOGI MIRIM,CENTRO,-22.439717,-47.055876,locais de votação,479,475
76,SP,MONTE ALTO,CENTRO,-21.260803,-48.498372,locais de votação,168,168
77,SP,MONTE APRAZÍVEL,CENTRO,-20.777734,-49.779055,locais de votação,112,112
78,SP,NOVA GRANADA,CENTRO,-20.532769,-49.317212,locais de votação,87,83
79,SP,NOVO HORIZONTE,CENTRO,-21.466686,-49.217834,locais de votação,139,139
80,SP,OLÍMPIA,CENTRO,-20.740473,-48.909798,locais de votação,214,211
81,SP,ORLÂNDIA,CENTRO,-20.716278,-47.876527,locais de votação,147,122
82,SP,OURINHOS,JARDIM PAULISTA,-22.976644,-49.870519,locais de votação,248,247
83,SP,PALMITAL,CENTRO,-22.787446,-50.216356,locais de votação,81,81
84,SP,PARAIBUNA,CENTRO,-23.389371,-45.660746,locais de votação,63,63
86,SP,PEDERNEIRAS,PARQUE INDUSTRIAL TOUFIK RACHID RAZUK,-22.351943,-48.773976,locais de votação,157,157
87,SP,PENÁPOLIS,CENTRO,-21.416922,-50.07481,locais de votação,148,148
88,SP,PEREIRA BARRETO,CENTRO,-20.638981,-51.105344,locais de votação,106,106
89,SP,PIEDADE,CENTRO,-23.719439,-47.419866,locais de votação,197,197
90,SP,PINDAMONHANGABA,JARDIM BOA VISTA,-22.930357,-45.45852,locais de votação,387,387
91,SP,ESPÍRITO SANTO DO PINHAL,CENTRO,-22.194833,-46.74367,locais de votação,129,129
92,SP,PIRACAIA,CENTRO,-23.05087,-46.353804,locais de votação,92,92
93,SP,PIRACICABA,CENTRO,-22.710469,-47.665703,locais de votação,312,312
94,SP,PIRAJU,CENTRO,-23.199078,-49.377425,locais de votação,122,60
95,SP,PIRAJUÍ,CENTRO,-21.95755,-49.413465,centroide dos municípios,104,0
96,SP,PIRASSUNUNGA,CENTRO,-21.997175,-47.425849,locais de votação,186,186
98,SP,PITANGUEIRAS,CENTRO,-21.00477,-48.226393,locais de votação,135,135
99,SP,POMPÉIA,CENTRO,-22.099772,-50.190545,locais de votação,75,75
100,SP,PORTO FELIZ,CENTRO,-23.21096,-47.524373,locais de votação,117,117
101,SP,PRESIDENTE PRUDENTE,VILA JESUS,-22.109376,-51.390203,locais de votação,279,279
102,SP,PRESIDENTE VENCESLAU,CENTRO,-21.877479,-51.845118,locais de votação,115,115
103,SP,PROMISSÃO,CENTRO,-21.542705,-49.856622,locais de votação,81,81
106,SP,RANCHARIA,CENTRO,-22.237673,-50.891741,locais de votação,150,150
107,SP,RIBEIRÃO BONITO,CENTRO,-22.066015,-48.316302,locais de votação,84,71
108,SP,RIBEIRÃO PRETO,CENTRO,-21.187489,-47.826433,locais de votação,351,351
109,SP,SERRANA,JARDIM BOA VISTA,-21.206572,-47.599083,locais de votação,123,120
110,SP,RIO CLARO,CENTRO,-22.412259,-47.570557,locais de votação,234,234
111,SP,SANTA ADÉLIA,CENTRO,-21.209807,-48.826666,centroide dos municípios,123,0
112,SP,SANTA BRANCA,CENTRO,-23.526631,-45.879899,locais de votação,90,90
114,SP,SANTA CRUZ DO RIO PARDO,CENTRO,-22.90427,-49.623687,locais de votação,172,172
115,SP,SANTA ISABEL,CENTRO,-23.316521,-46.220321,locais de votação,156,156
116,SP,SANTA RITA DO PASSA QUATRO,JARDIM AMERICA,-21.707039,-47.472459,locais de votação,113,113
117,SP,SANTO ANASTÁCIO,CENTRO,-21.97314,-51.656225,locais de votação,63,63
118,SP,SANTOS,CENTRO,-23.942942,-46.355644,locais de votação,411,411
119,SP,CUBATÃO,CENTRO,-23.899815,-46.425683,locais de votação,304,304
121,SP,SÃO CARLOS,JARDIM SÃO CARLOS,-22.003365,-47.890728,locais de votação,318,318
122,SP,SÃO JOÃO DA BOA VISTA,PARQUE DAS NAÇÕES,-21.981359,-46.791712,locais de votação,284,284
123,SP,SÃO JOAQUIM DA BARRA,CENTRO,-20.582715,-47.865499,locais de votação,134,134
124,SP,SÃO JOSÉ DO RIO PARDO,CENTRO,-21.600391,-46.892554,locais de votação,120,120
125,SP,SÃO JOSÉ DO RIO PRETO,VILA SÃO JOSÉ,-20.829072,-49.377651,locais de votação,268,268
126,SP,SÃO JOSÉ DO RIO PRETO,JARDIM REDENTOR,-21.017339,-49.448756,locais de votação,92,92
127,SP,SÃO JOSÉ DOS CAMPOS,CENTRO,-23.207636,-45.889404,locais de votação,410,408
128,SP,SÃO LUÍS DO PARAITINGA,VÁRZEA DOS PASSARINHOS,-23.224279,-45.310764,locais de votação,59,59
129,SP,SÃO MANUEL,VILA IPIRANGA,-22.733875,-48.574706,locais de votação,155,150
130,SP,SÃO PEDRO,CENTRO,-22.552042,-47.90245,locais de votação,110,110
131,SP,SÃO ROQUE,CENTRO,-23.532995,-47.141759,locais de votação,389,389
132,SP,SÃO SEBASTIÃO,CENTRO,-23.788794,-45.41435,locais de votação,289,289
133,SP,SÃO SIMÃO,CENTRO,-21.483692,-47.551997,locais de votação,119,119
134,SP,SERRA NEGRA,CENTRO,-22.59307,-46.668539,locais de votação,150,150
135,SP,SERTÃOZINHO,CENTRO,-21.131119,-48.00021,locais de votação,491,490
136,SP,SOCORRO,CENTRO,-22.594374,-46.529388,locais de votação,128,121
137,SP,SOROCABA,MANGAL,-23.509912,-47.468542,locais de votação,268,268
138,SP,TANABI,CENTRO,-20.614641,-49.654126,locais de votação,98,98
139,SP,TAQUARITINGA,CENTRO,-21.407113,-48.504315,locais de votação,164,163
140,SP,TATUÍ,CENTRO,-23.351989,-47.850842,locais de votação,337,327
141,SP,TAUBATÉ,CENTRO,-23.02221,-45.544803,locais de votação,272,271
142,SP,TIETÊ,CENTRO,-23.085129,-47.725033,locais de votação,166,166
143,SP,TUPÃ,CENTRO,-21.932653,-50.513127,locais de votação,166,166
144,SP,UBATUBA,CENTRO,-23.437672,-45.080958,locais de votação,232,232
145,SP,CACHOEIRA PAULISTA,CENTRO,-22.670132,-45.003759,locais de votação,98,87
146,SP,VALPARAÍSO,CENTRO,-21.220992,-50.868498,locais de votação,66,60
147,SP,VOTUPORANGA,CENTRO,-20.419405,-49.974337,locais de votação,285,285
148,SP,ELDORADO,CENTRO,-24.525534,-48.114097,locais de votação,61,61
149,SP,DRACENA,CENTRO,-21.487202,-51.534726,locais de votação,113,113
150,SP,FERNANDÓPOLIS,JARDIM AMERICA,-20.281042,-50.247593,locais de votação,153,153
151,SP,GUARARAPES,CENTRO,-21.252542,-50.647785,locais de votação,87,87
152,SP,JALES,CENTRO,-20.271788,-50.546347,locais de votação,136,136
153,SP,MIRANDÓPOLIS,CENTRO,-21.128946,-51.105887,locais de votação,87,87
155,SP,PEDREGULHO,CENTRO,-20.252036,-47.480018,locais de votação,69,55
156,SP,SANTO ANDRÉ,VILA ASSUNCAO,-23.677468,-46.526376,locais de votação,321,308
157,SP,ADAMANTINA,CENTRO,-21.685684,-51.07983,locais de votação,117,117
158,SP,AMERICANA,VILA PAVAN,-22.723245,-47.289112,centroide dos municípios,232,0
159,SP,DUARTINA,CENTRO,-22.45814,-49.522252,locais de votação,58,30
161,SP,LENÇÓIS PAULISTA,JARDIM VILLAGE,-22.599823,-48.800028,locais de votação,200,200
162,SP,NHANDEARA,CENTRO,-20.697755,-50.143632,locais de votação,67,61
163,SP,OSVALDO CRUZ,JARDIM DAS BANDEIRAS,-21.796492,-50.876585,locais de votação,115,115
164,SP,PAULO DE FARIA,CENTRO,-20.030043,-49.402089,locais de votação,59,58
165,SP,PRESIDENTE BERNARDES,CENTRO,-22.213991,-51.641816,locais de votação,88,88
166,SP,SÃO CAETANO DO SUL,CENTRO,-23.628211,-46.573296,locais de votação,182,182
167,SP,REGENTE FEIJÓ,CENTRO,-22.219736,-51.301362,locais de votação,100,100
169,SP,GUAÍRA,CENTRO,-20.318813,-48.314079,locais de votação,83,83
170,SP,MATÃO,CENTRO,-21.599453,-48.360557,locais de votação,234,234
171,SP,MONTE AZUL PAULISTA,CENTRO,-20.905329,-48.771985,locais de votação,91,91
172,SP,REGISTRO,VILA TUPI,-24.503988,-47.820699,centroide dos municípios,191,0
174,SP,SÃO BERNARDO DO CAMPO,NOVA PETRÓPOLIS,-23.724174,-46.536245,locais de votação,533,533
175,SP,TUPI PAULISTA,CENTRO,-21.355991,-51.688455,locais de votação,138,137
176,SP,GUARULHOS,VILA TIJUCO,-23.450795,-46.523802,locais de votação,431,428
177,SP,SÃO VICENTE,CENTRO,-23.966706,-46.383767,locais de votação,330,330
178,SP,COLINA,CENTRO,-20.715063,-48.532362,locais de votação,75,75
179,SP,CATANDUVA,CENTRO,-21.049547,-49.061091,locais de votação,88,88
180,SP,MARÍLIA,CENTRO,-22.22387,-49.825649,locais de votação,69,69
181,SP,SUZANO,SITIO SAO JOSE,-23.547176,-46.296672,locais de votação,390,390
182,SP,PRESIDENTE PRUDENTE,VILA DUBUS,-22.06598,-51.416345,locais de votação,87,77
183,SP,RIBEIRÃO PIRES,CENTRO,-23.699614,-46.397377,locais de votação,200,200
184,SP,TUPÃ,CENTRO,-21.922808,-50.72529,locais de votação,85,85
185,SP,GUARULHOS,CIDADE JARDIM CUMBICA,-23.457586,-46.411121,locais de votação,415,415
186,SP,SANTA BÁRBARA D'OESTE,JARDIM PAULISTA,-22.749141,-47.390541,locais de votação,394,394
187,SP,SANTA FÉ DO SUL,CENTRO,-20.207599,-50.926242,locais de votação,130,130
188,SP,LEME,CENTRO,-22.186878,-47.380644,locais de votação,220,220
189,SP,ITANHAÉM,CENTRO,-24.165434,-46.775519,locais de votação,372,372
190,SP,APARECIDA,JARDIM SÃO PAULO,-22.914189,-45.23722,centroide dos municípios,160,0
191,SP,IBIÚNA,JARDIM DISNEYLANDIA,-23.659038,-47.219286,locais de votação,185,180
192,SP,FRANCO DA ROCHA,CENTRO,-23.331729,-46.728684,locais de votação,482,480
194,SP,PORTO FERREIRA,CENTRO,-21.855795,-47.482508,locais de votação,123,123
195,SP,PRESIDENTE EPITÁCIO,CENTRO,-21.770478,-52.111128,locais de votação,91,91
196,SP,JUNQUEIRÓPOLIS,CENTRO,-21.560543,-51.382467,locais de votação,90,90
197,SP,GUARIBA,CENTRO,-21.395942,-48.22655,centroide dos municípios,141,0
199,SP,BARUERI,JARDIM DOS CAMARGOS,-23.529666,-46.885943,locais de votação,392,392
200,SP,BARRA BONITA,CENTRO,-22.494074,-48.561956,locais de votação,160,147
201,SP,ITAPECERICA DA SERRA,JARDIM SANTA ISABEL,-23.72385,-46.852663,locais de votação,452,450
202,SP,ALTINÓPOLIS,CENTRO,-21.024552,-47.37418,locais de votação,66,66
204,SP,JARDINÓPOLIS,CENTRO,-21.018111,-47.759947,locais de votação,129,128
205,SP,CERQUEIRA CÉSAR,CENTRO,-23.02193,-49.163876,locais de votação,77,76
206,SP,CARAGUATATUBA,SUMARE,-23.636489,-45.434597,locais de votação,359,169
207,SP,URUPÊS,CENTRO,-21.205976,-49.302629,locais de votação,67,67
208,SP,MIGUELÓPOLIS,CENTRO,-20.181421,-48.023897,locais de votação,52,52
210,SP,BILAC,CENTRO,-21.597138,-50.600157,locais de votação,64,64
211,SP,INDAIATUBA,CENTRO,-23.101492,-47.220176,locais de votação,554,554
212,SP,GUARUJÁ,VILA MAIA,-23.984554,-46.255023,locais de votação,361,361
213,SP,OSASCO,CENTRO,-23.539775,-46.783715,locais de votação,215,188
214,SP,BURITAMA,CENTRO,-21.060689,-50.144009,locais de votação,71,71
215,SP,ANGATUBA,VILA SAO CRISTOVAO,-23.499052,-48.417268,locais de votação,73,73
216,SP,MOGI GUAÇU,JARDIM CENTENARIO,-22.3546,-46.942483,locais de votação,371,370
217,SP,MAUÁ,VILA BOCAINA,-23.684167,-46.456333,locais de votação,271,271
218,SP,MIRACATU,CENTRO,-24.284714,-47.458068,locais de votação,59,59
219,SP,POÁ,CENTRO,-23.525209,-46.345412,locais de votação,272,272
220,SP,VOTORANTIM,CENTRO,-23.54411,-47.453536,locais de votação,274,273
221,SP,SALTO,CENTRO,-23.200585,-47.290279,locais de votação,265,237
222,SP,DIADEMA,CENTRO,-23.690453,-46.623972,locais de votação,250,250
223,SP,JUQUIÁ,CENTRO,-24.316625,-47.635083,locais de votação,66,66
224,SP,CARDOSO,JARDIM GOUVEIA,-20.083786,-49.911723,locais de votação,80,80
225,SP,AURIFLAMA,CENTRO,-20.649143,-50.548532,locais de votação,80,76
226,SP,CÂNDIDO MOTA,CENTRO,-22.748999,-50.3863,locais de votação,75,75
227,SP,COTIA,BAIRRO DO PORTAO,-23.602161,-46.910463,locais de votação,353,353
228,SP,JACUPIRANGA,BAIRRO VILA ELIAS,-24.717312,-48.014571,locais de votação,198,198
229,SP,VARGEM GRANDE DO SUL,CENTRO,-21.828937,-46.890768,locais de votação,157,157
230,SP,SUMARÉ,CENTRO,-22.817245,-47.271393,locais de votação,201,201
232,SP,PALMEIRA D'OESTE,CENTRO,-20.420603,-50.761368,locais de votação,50,50
233,SP,ESTRELA D'OESTE,CENTRO,-20.287407,-50.396065,locais de votação,65,59
234,SP,FARTURA,CENTRO,-23.390921,-49.502582,locais de votação,80,80
236,SP,TAQUARITUBA,CENTRO,-23.533109,-49.24561,locais de votação,78,78
237,SP,MAIRIPORÃ,CENTRO,-23.317644,-46.588614,locais de votação,205,205
239,SP,AMÉRICO BRASILIENSE,CENTRO,-21.728809,-48.106977,locais de votação,165,165
240,SP,FRANCA,SÃO JOSÉ,-20.591275,-47.482016,locais de votação,75,75
241,SP,DOIS CÓRREGOS,CENTRO,-22.363409,-48.445946,locais de votação,166,166
242,SP,VÁRZEA PAULISTA,VILA SANTA TEREZINHA,-23.212075,-46.832424,locais de votação,249,249
243,SP,CORDEIRÓPOLIS,CENTRO,-22.479554,-47.521334,centroide dos municípios,184,0
244,SP,PIRACICABA,CENTRO,-22.741904,-47.613707,locais de votação,263,188
245,SP,RIO CLARO,CONSOLACAO,-22.253037,-47.719019,locais de votação,87,87
246,SP,SÃO PAULO,SANTO AMARO,-23.65023,-46.700796,locais de votação,343,343
247,SP,SÃO PAULO,SAO MIGUEL PAULISTA,-23.502663,-46.434529,locais de votação,334,334
248,SP,SÃO PAULO,ITAQUERA,-23.529423,-46.452848,locais de votação,417,416
249,SP,SÃO PAULO,SANTANA,-23.493409,-46.627722,locais de votação,348,348
250,SP,SÃO PAULO,LAPA,-23.521134,-46.724617,locais de votação,478,471
251,SP,SÃO PAULO,PINHEIROS,-23.557357,-46.68949,locais de votação,322,322
252,SP,SÃO PAULO,VILA ESPERANCA,-23.524888,-46.528692,locais de votação,337,337
253,SP,SÃO PAULO,VILA AZEVEDO,-23.550248,-46.549475,locais de votação,691,691
254,SP,SÃO PAULO,VILA MARIA,-23.508363,-46.589348,locais de votação,470,467
255,SP,SÃO PAULO,CASA VERDE,-23.495275,-46.6633,locais de votação,535,535
256,SP,SÃO PAULO,TREMEMBE,-23.457132,-46.604404,locais de votação,481,481
257,SP,SÃO PAULO,VILA PRUDENTE,-23.589811,-46.56541,locais de votação,507,506
258,SP,SÃO PAULO,ITAIM BIBI,-23.616619,-46.668777,locais de votação,549,536
259,SP,SÃO PAULO,SAÚDE,-23.606047,-46.634963,locais de votação,456,456
260,SP,SÃO PAULO,IPIRANGA,-23.606402,-46.60137,locais de votação,506,506
261,SP,PIRAPOZINHO,JARDIM DAS FLORES,-22.279375,-51.506122,locais de votação,116,116
263,SP,SANTO ANDRÉ,PARQUE JACATUBA,-23.643659,-46.501546,locais de votação,305,305
264,SP,SANTO ANDRÉ,SANTA TEREZINHA,-23.629498,-46.528388,locais de votação,239,239
265,SP,RIBEIRÃO PRETO,CENTRO,-21.150825,-47.822802,locais de votação,350,350
266,SP,RIBEIRÃO PRETO,CENTRO,-21.139676,-47.797461,locais de votação,337,337
267,SP,SÃO JOSÉ DO RIO PRETO,VILA SÃO JOSÉ,-20.788177,-49.402439,locais de votação,432,432
268,SP,SÃO JOSÉ DO RIO PRETO,VILA SÃO JOSÉ,-20.795557,-49.358749,locais de votação,317,316
269,SP,SÃO CAETANO DO SUL,CENTRO,-23.629267,-46.559871,locais de votação,195,195
270,SP,PIRACICABA,CENTRO,-22.74483,-47.644602,locais de votação,450,450
271,SP,SOROCABA,JARDIM PAULISTANO,-23.504209,-47.505717,locais de votação,266,266
272,SP,SANTOS,PONTA DA PRAIA,-23.971883,-46.301365,locais de votação,453,453
273,SP,SANTOS,VILA BELMIRO,-23.962012,-46.338359,locais de votação,322,322
274,SP,CAMPINAS,CENTRO,-22.933765,-47.052868,locais de votação,263,263
275,SP,CAMPINAS,CENTRO,-22.854528,-47.065455,locais de votação,405,405
276,SP,OSASCO,JARDIM ROCHDALLE,-23.509104,-46.76966,locais de votação,276,276
277,SP,OSASCO,KM 18,-23.536948,-46.799772,locais de votação,231,231
278,SP,GUARULHOS,VILA TIJUCO,-23.472458,-46.549168,locais de votação,319,319
279,SP,GUARULHOS,VILA TIJUCO,-23.431034,-46.504721,locais de votação,401,401
280,SP,SÃO PAULO,CAPELA DO SOCORRO,-23.714439,-46.700601,locais de votação,486,486
281,SP,JUNDIAÍ,PARQUE CONTINENTAL,-23.192678,-46.871508,locais de votação,424,424
282,SP,SÃO JOSÉ DOS CAMPOS,VILA ADY ANNA,-23.150972,-45.900159,locais de votação,260,260
283,SP,SÃO BERNARDO DO CAMPO,JARDIM DO MAR,-23.693733,-46.571183,locais de votação,219,219
284,SP,SÃO BERNARDO DO CAMPO,VILA HELENA,-23.661016,-46.585511,locais de votação,240,240
286,SP,COTIA,GRANJA CAROLINA,-23.619942,-47.015686,locais de votação,303,303
287,SP,MOGI DAS CRUZES,CENTRO,-23.550318,-46.218514,locais de votação,446,446
288,SP,RIO CLARO,CENTRO,-22.381415,-47.558737,locais de votação,210,210
289,SP,PENÁPOLIS,CENTRO,-21.458337,-50.168353,locais de votação,110,110
290,SP,ASSIS,VILA CLEMENTINA,-22.745748,-50.659907,locais de votação,101,93
291,SP,FRANCA,ESTAÇÃO,-20.51607,-47.414632,locais de votação,377,376
292,SP,NOVA ODESSA,BOSQUE DOS CEDROS,-22.78774,-47.299243,locais de votação,137,137
293,SP,RIBEIRÃO PRETO,CENTRO,-21.33744,-47.748756,locais de votação,120,120
294,SP,SOROCABA,VILA LUCY,-23.633185,-47.58117,locais de votação,157,157
295,SP,PERUÍBE,CENTRO,-24.303823,-47.003974,locais de votação,229,229
296,SP,SÃO BERNARDO DO CAMPO,ASSUNÇÃO,-23.722245,-46.576171,locais de votação,300,300
297,SP,LINS,CENTRO,-21.635116,-49.801166,locais de votação,83,81
298,SP,BRAGANÇA PAULISTA,CENTRO,-22.911376,-46.554127,locais de votação,115,115
299,SP,ARAÇATUBA,HIGIENOPOLIS,-21.193575,-50.452935,locais de votação,284,273
300,SP,BAURU,JARDIM BELA VISTA,-22.310332,-49.086879,locais de votação,284,284
301,SP,AVARÉ,CENTRO,-23.412123,-49.058554,locais de votação,102,102
302,SP,FERNANDÓPOLIS,COESTER,-20.076491,-50.287529,locais de votação,67,67
303,SP,CARAPICUÍBA,CENTRO,-23.530563,-46.837404,locais de votação,413,413
304,SP,JANDIRA,CENTRO,-23.540665,-46.906075,locais de votação,224,224
305,SP,RIBEIRÃO PRETO,CENTRO,-21.193697,-47.780116,locais de votação,356,355
306,SP,SANTO ANDRÉ,VILA ALPINA,-23.654609,-46.548305,locais de votação,262,262
307,SP,SANTO ANDRÉ,CENTRO,-23.696313,-46.510529,locais de votação,251,251
310,SP,GUARUJÁ,SITIO PAECARA,-23.951969,-46.287033,locais de votação,320,320
312,SP,SÃO JOSÉ DO RIO PRETO,JARDIM PANORAMA,-20.796286,-49.22718,locais de votação,104,104
313,SP,OURINHOS,JARDIM MATILDE,-23.005909,-49.785153,locais de votação,73,73
314,SP,TREMEMBÉ,RESIDENCIAL ANA CÂNDIDA,-22.961168,-45.551,locais de votação,150,148
315,SP,OSASCO,JARDIM SANTO ANTONIO,-23.560319,-46.809005,locais de votação,365,365
317,SP,PRAIA GRANDE,JARDIM GUILHERMINA,-24.006501,-46.434632,locais de votação,317,317
318,SP,SÃO MIGUEL ARCANJO,CENTRO,-23.880035,-47.995395,locais de votação,84,84
319,SP,MOGI DAS CRUZES,CENTRO,-23.500981,-46.143302,locais de votação,360,360
320,SP,SÃO PAULO,JABAQUARA,-23.652597,-46.641431,locais de votação,509,509
323,SP,PAULÍNIA,NOVA PAULÍNIA,-22.770001,-47.16938,locais de votação,228,228
324,SP,TABOÃO DA SERRA,PARQUE SANTOS DUMONT,-23.614707,-46.770663,locais de votação,262,262
325,SP,SÃO PAULO,PIRITUBA,-23.489211,-46.726616,locais de votação,300,299
326,SP,SÃO PAULO,PARQUE BOTURUSSU,-23.4933,-46.481901,locais de votação,325,325
327,SP,SÃO PAULO,FREGUESIA DO O,-23.489965,-46.702204,locais de votação,357,357
328,SP,SÃO PAULO,VILA PIRAJUSSARA,-23.637525,-46.762684,locais de votação,484,484
329,SP,DIADEMA,CENTRO,-23.677351,-46.600711,locais de votação,454,454
330,SP,TEODORO SAMPAIO,VILA SAO PAULO,-22.538129,-52.18054,locais de votação,127,49
331,SP,OSASCO,JARDIM PIRATININGA,-23.500645,-46.792162,locais de votação,338,338
332,SP,OSASCO,VILA CAMPESINA,-23.567571,-46.782178,locais de votação,200,200
333,SP,PEDREIRA,VILA MONTE ALEGRE,-22.701518,-46.918709,locais de votação,299,299
335,SP,ARUJÁ,ARUJÁ CENTER VILLE,-23.393734,-46.321347,locais de votação,203,203
336,SP,MORRO AGUDO,CENTRO,-20.728854,-48.053481,locais de votação,61,61
339,SP,MAUÁ,JARDIM PEDROSO,-23.667072,-46.453441,locais de votação,301,301
340,SP,SÃO VICENTE,CENTRO,-23.95559,-46.412855,locais de votação,421,421
341,SP,EMBU DAS ARTES,PARQUE FRANCISCO RIZZO,-23.646285,-46.826754,locais de votação,323,235
342,SP,SOROCABA,JARDIM PAULISTANO,-23.493302,-47.426384,locais de votação,322,322
343,SP,SOROCABA,JARDIM PAULISTANO,-23.475702,-47.46485,locais de votação,325,325
344,SP,CAMPO LIMPO PAULISTA,VILA TAVARES,-23.210838,-46.769199,locais de votação,210,210
345,SP,VINHEDO,SANTA ROSA,-23.044141,-46.979638,locais de votação,270,270
346,SP,SÃO PAULO,VILA SONIA,-23.59662,-46.727634,locais de votação,367,367
347,SP,SÃO PAULO,VILA NOVA SAVOIA,-23.543362,-46.507741,locais de votação,481,481
348,SP,SÃO PAULO,VILA FORMOSA,-23.570572,-46.539858,locais de votação,288,288
349,SP,SÃO PAULO,JACANA,-23.46679,-46.584614,locais de votação,384,384
350,SP,SÃO PAULO,SAPOPEMBA,-23.595592,-46.52533,locais de votação,376,376
351,SP,SÃO PAULO,JD PRUDENCIA,-23.673268,-46.658674,locais de votação,373,373
352,SP,SÃO PAULO,ITAIM PAULISTA,-23.503415,-46.387858,locais de votação,617,617
353,SP,SÃO PAULO,GUAIANAZES,-23.539198,-46.407319,locais de votação,546,546
354,SP,CAJAMAR,JORDANESIA,-23.361527,-46.839195,locais de votação,188,188
355,SP,CERQUILHO,CENTRO,-23.167528,-47.7555,locais de votação,182,182
356,SP,SOROCABA,JARDIM PAULISTANO,-23.446986,-47.488626,locais de votação,442,442
358,SP,MONTE MOR,CENTRO,-22.948845,-47.300495,locais de votação,193,193
359,SP,ITAPEVI,CIDADE DA SAUDE,-23.550946,-46.967665,centroide dos municípios,468,0
360,SP,COSMÓPOLIS,CENTRO,-22.63915,-47.191671,locais de votação,136,136
361,SP,HORTOLÂNDIA,VILA SÃO FRANCISCO,-22.885375,-47.205244,locais de votação,451,450
362,SP,SUMARÉ,JARDIM NOVA VENEZA,-22.819081,-47.195882,locais de votação,364,354
365,SP,MAUÁ,VILA BOCAINA,-23.658237,-46.431127,locais de votação,350,350
367,SP,FRANCISCO MORATO,CENTRO,-23.279477,-46.740648,locais de votação,344,344
368,SP,ILHA SOLTEIRA,ZONA SUL,-20.428301,-51.337628,locais de votação,108,108
369,SP,BOITUVA,CENTRO,-23.283241,-47.673564,locais de votação,174,174
370,SP,EMBU-GUAÇU,CENTRO,-23.836451,-46.813806,locais de votação,146,146
371,SP,SÃO PAULO,CIDADE DUTRA,-23.748408,-46.682785,locais de votação,546,546
372,SP,SÃO PAULO,JARDIM ANGELA (ZONA SUL),-23.688382,-46.760111,locais de votação,748,747
373,SP,SÃO PAULO,JARDIM ATLANTICO,-23.662521,-46.767098,locais de votação,401,401
374,SP,SÃO PAULO,RIO PEQUENO,-23.575392,-46.754614,locais de votação,754,753
375,SP,SÃO PAULO,SÃO MATEUS,-23.61166,-46.464691,locais de votação,787,787
376,SP,SÃO PAULO,FREGUESIA DO Ó,-23.464368,-46.688496,locais de votação,691,691
377,SP,ITAQUAQUECETUBA,VILA ZEFERINA,-23.489944,-46.353027,locais de votação,317,317
378,SP,CAMPINAS,CENTRO,-22.974851,-47.118832,locais de votação,563,563
379,SP,CAMPINAS,CENTRO,-22.937451,-47.120044,locais de votação,456,456
380,SP,CAMPINAS,CENTRO,-22.8959,-47.109794,locais de votação,347,346
381,SP,SÃO PAULO,PARELHEIROS,-23.776598,-46.7103,locais de votação,681,681
382,SP,RIBEIRÃO PIRES,NUCLEO COLONIAL,-23.744787,-46.402244,locais de votação,174,172
383,SP,SANTO ANDRÉ,VILA HOMERO THON,-23.69332,-46.495707,locais de votação,327,327
384,SP,AMERICANA,RESIDENCIAL BOA VISTA,-22.734382,-47.309286,locais de votação,281,281
385,SP,ARARAQUARA,JARDIM VIADUTO,-21.783043,-48.152419,locais de votação,316,315
386,SP,BARUERI,JARDIM DOS CAMARGOS,-23.483097,-46.879747,locais de votação,659,602
387,SP,BAURU,VILA NOEMY,-22.304738,-49.044605,locais de votação,255,255
388,SP,CARAPICUÍBA,CENTRO,-23.55559,-46.835662,locais de votação,410,410
389,SP,SÃO PAULO,JARDIM ADELFIORE,-23.43525,-46.744815,locais de votação,562,562
390,SP,SÃO PAULO,CANGAÍBA,-23.502946,-46.520285,locais de votação,353,353
391,SP,EMBU DAS ARTES,JARDIM VAZAME,-23.65999,-46.804178,locais de votação,301,301
392,SP,SÃO PAULO,PONTE RASA,-23.521956,-46.481561,locais de votação,402,402
393,SP,GUARULHOS,VILA TIJUCO,-23.438782,-46.548613,locais de votação,400,400
394,SP,GUARULHOS,CIDADE JARDIM CUMBICA,-23.405335,-46.438181,locais de votação,441,441
395,SP,GUARULHOS,CIDADE JARDIM CUMBICA,-23.444305,-46.440705,locais de votação,389,388
396,SP,JACAREÍ,CENTRO,-23.301769,-45.944753,locais de votação,264,264
397,SP,SÃO PAULO,VILA CURUÇÁ,-23.490652,-46.415821,locais de votação,421,421
398,SP,SÃO PAULO,VILA JACUÍ,-23.504468,-46.459981,locais de votação,321,321
399,SP,LIMEIRA,CENTRO,-22.590108,-47.402272,locais de votação,361,315
400,SP,MARÍLIA,CENTRO,-22.189375,-49.950408,locais de votação,297,297
401,SP,FERRAZ DE VASCONCELOS,CENTRO,-23.54302,-46.37143,locais de votação,430,430
402,SP,PRESIDENTE PRUDENTE,JD. BONGIOVANI,-22.133406,-51.405971,locais de votação,283,283
403,SP,SÃO PAULO,JARAGUA,-23.450347,-46.744654,locais de votação,305,305
404,SP,SÃO PAULO,GUAIANAZES,-23.592323,-46.404466,locais de votação,558,558
405,SP,SÃO PAULO,JARDIM HELENA,-23.549978,-46.433858,locais de votação,300,300
406,SP,PRAIA GRANDE,CIDADE OCIAN,-24.027314,-46.508447,locais de votação,362,361
407,SP,TAUBATÉ,JARDIM DAS NACOES,-23.02662,-45.568847,locais de votação,456,456
408,SP,SÃO PAULO,VILA PIRAJUSSARA,-23.646528,-46.741289,locais de votação,459,459
409,SP,SÃO BERNARDO DO CAMPO,JARDIM OLAVO BILAC,-23.748324,-46.579133,locais de votação,405,405
410,SP,SÃO CARLOS,CENTRO,-22.031578,-47.901754,locais de votação,343,342
411,SP,SÃO JOSÉ DOS CAMPOS,VILA ADY ANNA,-23.183111,-45.825435,locais de votação,398,398
412,SP,SÃO JOSÉ DOS CAMPOS,JARDIM SÃO DIMAS,-23.251076,-45.895826,locais de votação,495,495
413,SP,SÃO PAULO,VILA MORAES,-23.633508,-46.608578,locais de votação,411,411
414,SP,SÃO BERNARDO DO CAMPO,CENTRO,-23.704384,-46.542053,locais de votação,269,269
415,SP,SUZANO,SITIO SAO JOSE,-23.534546,-46.317693,locais de votação,303,302
416,SP,TABOÃO DA SERRA,PARQUE SANTOS DUMONT,-23.632418,-46.797678,locais de votação,328,328
417,SP,SÃO PAULO,CIDADE LIDER,-23.557662,-46.476757,locais de votação,342,342
418,SP,SÃO PAULO,VILA EMIR,-23.690943,-46.658282,locais de votação,510,503
419,SP,ITAQUAQUECETUBA,VILA ZEFERINA,-23.453692,-46.327891,locais de votação,383,383
420,SP,SÃO PAULO,VILA SABRINA,-23.485713,-46.575375,locais de votação,366,366
421,SP,SÃO PAULO,CONJUNTO HABITACIONAL TEOTONIO VILELA,-23.609371,-46.501407,locais de votação,406,406
422,SP,SÃO PAULO,MANDAQUI,-23.469232,-46.648765,locais de votação,406,406
423,SP,CAMPINAS,CENTRO,-22.898497,-47.028684,locais de votação,259,259
424,SP,JUNDIAÍ,CENTRO,-23.179763,-46.886272,locais de votação,269,269
426,SP,DIADEMA,CENTRO,-23.715706,-46.613702,locais de votação,226,226
427,SP,JALES,CENTRO,-20.159578,-50.648718,locais de votação,75,75
1,TO,ARAGUAÍNA,SETOR NOROESTE,-7.192414,-48.203112,locais de votação,334,334
2,TO,GURUPI,CENTRO,-11.727564,-49.070643,locais de votação,239,239
3,TO,PORTO NACIONAL,SETOR AEROPORTO,-10.711109,-48.409679,locais de votação,220,220
4,TO,COLINAS DO TOCANTINS,CENTRO,-8.057962,-48.481723,locais de votação,132,132
5,TO,MIRACEMA DO TOCANTINS,CENTRO,-9.569261,-48.389465,locais de votação,94,94
6,TO,GUARAÍ,CENTRO,-8.841007,-48.508338,locais de votação,76,76
7,TO,PARAÍSO DO TOCANTINS,CENTRO,-10.174514,-48.893427,locais de votação,181,181
8,TO,FILADÉLFIA,CENTRO,-7.336991,-47.783183,locais de votação,75,75
9,TO,TOCANTINÓPOLIS,CENTRO,-6.332712,-47.477563,locais de votação,122,122
10,TO,ARAGUATINS,CENTRO,-5.649176,-48.125935,locais de votação,145,145
11,TO,ITAGUATINS,VILA NOVA,-5.612732,-47.635512,locais de votação,128,128
12,TO,XAMBIOÁ,SETOR LESTE,-6.411105,-48.531088,locais de votação,84,84
13,TO,CRISTALÂNDIA,CENTRO,-10.601943,-49.192458,locais de votação,105,105
14,TO,ALVORADA,CENTRO,-12.4866,-49.167705,locais de votação,110,110
15,TO,FORMOSO DO ARAGUAIA,CENTRO,-11.801303,-49.524373,locais de votação,74,74
16,TO,COLMÉIA,CENTRO,-8.65092,-48.932835,locais de votação,90,90
17,TO,TAGUATINGA,SETOR INDUSTRIAL,-12.403998,-46.438438,locais de votação,71,71
18,TO,PARANÃ,CENTRO,-12.625452,-48.055898,locais de votação,61,61
19,TO,NATIVIDADE,SETOR GINASIAL,-11.613442,-47.726428,locais de votação,80,80
20,TO,PEIXE,SETOR SUL,-12.022638,-48.539337,locais de votação,77,77
21,TO,AUGUSTINÓPOLIS,CENTRO,-5.411094,-47.88568,locais de votação,96,93
22,TO,ARRAIAS,ARNALDO PRIETO,-12.917745,-46.936882,locais de votação,65,65
23,TO,PEDRO AFONSO,CENTRO,-8.982265,-48.166067,locais de votação,85,85
25,TO,DIANÓPOLIS,CAVALCANTE,-11.625532,-46.821324,locais de votação,85,85
26,TO,PONTE ALTA DO TOCANTINS,SETOR AEROPORTO,-10.746667,-47.538843,locais de votação,48,48
27,TO,WANDERLÂNDIA,CENTRO,-6.710569,-47.96211,locais de votação,88,88
28,TO,MIRANORTE,VILA MARIA,-9.341476,-48.727728,locais de votação,115,115
29,TO,PALMAS,PLANO DIRETOR SUL,-10.244901,-48.320285,locais de votação,614,614
31,TO,ARAPOEMA,CENTRO,-7.635492,-48.576338,locais de votação,85,85
32,TO,GOIATINS,CENTRO,-7.967069,-47.314777,locais de votação,75,75
33,TO,ITACAJÁ,CENTRO,-8.418224,-47.746233,locais de votação,62,62
34,TO,ARAGUAÍNA,JARDIM GOIAS,-7.152889,-48.526718,locais de votação,92,92
35,TO,NOVO ACORDO,CENTRO,-9.965156,-47.675603,locais de votação,80,80
1,ZZ,BRASÍLIA,LAGO SUL,-15.781195,-47.79674,cartório em Brasília,2197,0
